<annotation>
	<folder>my-project-name</folder>
	<filename>bir.jpg</filename>
	<path>/my-project-name/bir.jpg</path>
	<source>
		<database>Unspecified</database>
	</source>
	<size>
		<width>3000</width>
		<height>4000</height>
		<depth>3</depth>
	</size>
	<object>
		<name>fire</name>
		<pose>Unspecified</pose>
		<truncated>Unspecified</truncated>
		<difficult>Unspecified</difficult>
		<bndbox>
			<xmin>2691</xmin>
			<ymin>2571</ymin>
			<xmax>2767</xmax>
			<ymax>2697</ymax>
		</bndbox>
	</object>
	<object>
		<name>smoke</name>
		<pose>Unspecified</pose>
		<truncated>Unspecified</truncated>
		<difficult>Unspecified</difficult>
		<bndbox>
			<xmin>2651</xmin>
			<ymin>2128</ymin>
			<xmax>2807</xmax>
			<ymax>2526</ymax>
		</bndbox>
	</object>
</annotation>