<annotation>
	<folder>my-project-name</folder>
	<filename>factoroutt6.jpg</filename>
	<path>/my-project-name/factoroutt6.jpg</path>
	<source>
		<database>Unspecified</database>
	</source>
	<size>
		<width>1920</width>
		<height>1080</height>
		<depth>3</depth>
	</size>
	<object>
		<name>fire</name>
		<pose>Unspecified</pose>
		<truncated>Unspecified</truncated>
		<difficult>Unspecified</difficult>
		<bndbox>
			<xmin>1664</xmin>
			<ymin>637</ymin>
			<xmax>1761</xmax>
			<ymax>724</ymax>
		</bndbox>
	</object>
	<object>
		<name>fire</name>
		<pose>Unspecified</pose>
		<truncated>Unspecified</truncated>
		<difficult>Unspecified</difficult>
		<bndbox>
			<xmin>1106</xmin>
			<ymin>533</ymin>
			<xmax>1405</xmax>
			<ymax>761</ymax>
		</bndbox>
	</object>
	<object>
		<name>fire</name>
		<pose>Unspecified</pose>
		<truncated>Unspecified</truncated>
		<difficult>Unspecified</difficult>
		<bndbox>
			<xmin>699</xmin>
			<ymin>466</ymin>
			<xmax>1048</xmax>
			<ymax>749</ymax>
		</bndbox>
	</object>
	<object>
		<name>fire</name>
		<pose>Unspecified</pose>
		<truncated>Unspecified</truncated>
		<difficult>Unspecified</difficult>
		<bndbox>
			<xmin>279</xmin>
			<ymin>499</ymin>
			<xmax>674</xmax>
			<ymax>765</ymax>
		</bndbox>
	</object>
	<object>
		<name>smoke</name>
		<pose>Unspecified</pose>
		<truncated>Unspecified</truncated>
		<difficult>Unspecified</difficult>
		<bndbox>
			<xmin>318</xmin>
			<ymin>0</ymin>
			<xmax>1182</xmax>
			<ymax>432</ymax>
		</bndbox>
	</object>
	<object>
		<name>fire</name>
		<pose>Unspecified</pose>
		<truncated>Unspecified</truncated>
		<difficult>Unspecified</difficult>
		<bndbox>
			<xmin>1368</xmin>
			<ymin>446</ymin>
			<xmax>1439</xmax>
			<ymax>496</ymax>
		</bndbox>
	</object>
</annotation>