<annotation>
	<folder>my-project-name</folder>
	<filename>factoroutt9.jpg</filename>
	<path>/my-project-name/factoroutt9.jpg</path>
	<source>
		<database>Unspecified</database>
	</source>
	<size>
		<width>1920</width>
		<height>1080</height>
		<depth>3</depth>
	</size>
	<object>
		<name>fire</name>
		<pose>Unspecified</pose>
		<truncated>Unspecified</truncated>
		<difficult>Unspecified</difficult>
		<bndbox>
			<xmin>1453</xmin>
			<ymin>278</ymin>
			<xmax>1563</xmax>
			<ymax>414</ymax>
		</bndbox>
	</object>
	<object>
		<name>fire</name>
		<pose>Unspecified</pose>
		<truncated>Unspecified</truncated>
		<difficult>Unspecified</difficult>
		<bndbox>
			<xmin>881</xmin>
			<ymin>418</ymin>
			<xmax>1239</xmax>
			<ymax>643</ymax>
		</bndbox>
	</object>
	<object>
		<name>fire</name>
		<pose>Unspecified</pose>
		<truncated>Unspecified</truncated>
		<difficult>Unspecified</difficult>
		<bndbox>
			<xmin>1451</xmin>
			<ymin>774</ymin>
			<xmax>1510</xmax>
			<ymax>841</ymax>
		</bndbox>
	</object>
	<object>
		<name>fire</name>
		<pose>Unspecified</pose>
		<truncated>Unspecified</truncated>
		<difficult>Unspecified</difficult>
		<bndbox>
			<xmin>816</xmin>
			<ymin>87</ymin>
			<xmax>1432</xmax>
			<ymax>363</ymax>
		</bndbox>
	</object>
	<object>
		<name>fire</name>
		<pose>Unspecified</pose>
		<truncated>Unspecified</truncated>
		<difficult>Unspecified</difficult>
		<bndbox>
			<xmin>0</xmin>
			<ymin>21</ymin>
			<xmax>793</xmax>
			<ymax>699</ymax>
		</bndbox>
	</object>
	<object>
		<name>fire</name>
		<pose>Unspecified</pose>
		<truncated>Unspecified</truncated>
		<difficult>Unspecified</difficult>
		<bndbox>
			<xmin>1690</xmin>
			<ymin>0</ymin>
			<xmax>1779</xmax>
			<ymax>94</ymax>
		</bndbox>
	</object>
</annotation>