<annotation>
	<folder>my-project-name</folder>
	<filename>Fafxt16.jpg</filename>
	<path>/my-project-name/Fafxt16.jpg</path>
	<source>
		<database>Unspecified</database>
	</source>
	<size>
		<width>1920</width>
		<height>1080</height>
		<depth>3</depth>
	</size>
	<object>
		<name>fire</name>
		<pose>Unspecified</pose>
		<truncated>Unspecified</truncated>
		<difficult>Unspecified</difficult>
		<bndbox>
			<xmin>860</xmin>
			<ymin>487</ymin>
			<xmax>1099</xmax>
			<ymax>1016</ymax>
		</bndbox>
	</object>
</annotation>