<annotation>
	<folder>my-project-name</folder>
	<filename>Fatppp17.jpg</filename>
	<path>/my-project-name/Fatppp17.jpg</path>
	<source>
		<database>Unspecified</database>
	</source>
	<size>
		<width>1920</width>
		<height>1080</height>
		<depth>3</depth>
	</size>
	<object>
		<name>smoke</name>
		<pose>Unspecified</pose>
		<truncated>Unspecified</truncated>
		<difficult>Unspecified</difficult>
		<bndbox>
			<xmin>313</xmin>
			<ymin>0</ymin>
			<xmax>1136</xmax>
			<ymax>384</ymax>
		</bndbox>
	</object>
	<object>
		<name>smoke</name>
		<pose>Unspecified</pose>
		<truncated>Unspecified</truncated>
		<difficult>Unspecified</difficult>
		<bndbox>
			<xmin>1161</xmin>
			<ymin>0</ymin>
			<xmax>1490</xmax>
			<ymax>202</ymax>
		</bndbox>
	</object>
	<object>
		<name>fire</name>
		<pose>Unspecified</pose>
		<truncated>Unspecified</truncated>
		<difficult>Unspecified</difficult>
		<bndbox>
			<xmin>954</xmin>
			<ymin>273</ymin>
			<xmax>1025</xmax>
			<ymax>331</ymax>
		</bndbox>
	</object>
	<object>
		<name>fire</name>
		<pose>Unspecified</pose>
		<truncated>Unspecified</truncated>
		<difficult>Unspecified</difficult>
		<bndbox>
			<xmin>430</xmin>
			<ymin>480</ymin>
			<xmax>463</xmax>
			<ymax>533</ymax>
		</bndbox>
	</object>
	<object>
		<name>fire</name>
		<pose>Unspecified</pose>
		<truncated>Unspecified</truncated>
		<difficult>Unspecified</difficult>
		<bndbox>
			<xmin>676</xmin>
			<ymin>437</ymin>
			<xmax>1021</xmax>
			<ymax>501</ymax>
		</bndbox>
	</object>
</annotation>