<annotation>
	<folder>my-project-name</folder>
	<filename>Fatppp9.jpg</filename>
	<path>/my-project-name/Fatppp9.jpg</path>
	<source>
		<database>Unspecified</database>
	</source>
	<size>
		<width>1920</width>
		<height>1080</height>
		<depth>3</depth>
	</size>
	<object>
		<name>fire</name>
		<pose>Unspecified</pose>
		<truncated>Unspecified</truncated>
		<difficult>Unspecified</difficult>
		<bndbox>
			<xmin>1147</xmin>
			<ymin>434</ymin>
			<xmax>1258</xmax>
			<ymax>517</ymax>
		</bndbox>
	</object>
	<object>
		<name>fire</name>
		<pose>Unspecified</pose>
		<truncated>Unspecified</truncated>
		<difficult>Unspecified</difficult>
		<bndbox>
			<xmin>757</xmin>
			<ymin>570</ymin>
			<xmax>1267</xmax>
			<ymax>967</ymax>
		</bndbox>
	</object>
	<object>
		<name>smoke</name>
		<pose>Unspecified</pose>
		<truncated>Unspecified</truncated>
		<difficult>Unspecified</difficult>
		<bndbox>
			<xmin>391</xmin>
			<ymin>0</ymin>
			<xmax>1628</xmax>
			<ymax>342</ymax>
		</bndbox>
	</object>
	<object>
		<name>smoke</name>
		<pose>Unspecified</pose>
		<truncated>Unspecified</truncated>
		<difficult>Unspecified</difficult>
		<bndbox>
			<xmin>1729</xmin>
			<ymin>0</ymin>
			<xmax>1920</xmax>
			<ymax>813</ymax>
		</bndbox>
	</object>
	<object>
		<name>smoke</name>
		<pose>Unspecified</pose>
		<truncated>Unspecified</truncated>
		<difficult>Unspecified</difficult>
		<bndbox>
			<xmin>1310</xmin>
			<ymin>358</ymin>
			<xmax>1685</xmax>
			<ymax>820</ymax>
		</bndbox>
	</object>
	<object>
		<name>smoke</name>
		<pose>Unspecified</pose>
		<truncated>Unspecified</truncated>
		<difficult>Unspecified</difficult>
		<bndbox>
			<xmin>660</xmin>
			<ymin>388</ymin>
			<xmax>1092</xmax>
			<ymax>526</ymax>
		</bndbox>
	</object>
	<object>
		<name>smoke</name>
		<pose>Unspecified</pose>
		<truncated>Unspecified</truncated>
		<difficult>Unspecified</difficult>
		<bndbox>
			<xmin>440</xmin>
			<ymin>466</ymin>
			<xmax>658</xmax>
			<ymax>680</ymax>
		</bndbox>
	</object>
</annotation>