<annotation>
	<folder>my-project-name</folder>
	<filename>Frehhome14.jpg</filename>
	<path>/my-project-name/Frehhome14.jpg</path>
	<source>
		<database>Unspecified</database>
	</source>
	<size>
		<width>1920</width>
		<height>1080</height>
		<depth>3</depth>
	</size>
	<object>
		<name>smoke</name>
		<pose>Unspecified</pose>
		<truncated>Unspecified</truncated>
		<difficult>Unspecified</difficult>
		<bndbox>
			<xmin>180</xmin>
			<ymin>0</ymin>
			<xmax>1262</xmax>
			<ymax>551</ymax>
		</bndbox>
	</object>
	<object>
		<name>fire</name>
		<pose>Unspecified</pose>
		<truncated>Unspecified</truncated>
		<difficult>Unspecified</difficult>
		<bndbox>
			<xmin>1108</xmin>
			<ymin>551</ymin>
			<xmax>1317</xmax>
			<ymax>659</ymax>
		</bndbox>
	</object>
	<object>
		<name>fire</name>
		<pose>Unspecified</pose>
		<truncated>Unspecified</truncated>
		<difficult>Unspecified</difficult>
		<bndbox>
			<xmin>991</xmin>
			<ymin>735</ymin>
			<xmax>1039</xmax>
			<ymax>779</ymax>
		</bndbox>
	</object>
	<object>
		<name>fire</name>
		<pose>Unspecified</pose>
		<truncated>Unspecified</truncated>
		<difficult>Unspecified</difficult>
		<bndbox>
			<xmin>957</xmin>
			<ymin>800</ymin>
			<xmax>1055</xmax>
			<ymax>947</ymax>
		</bndbox>
	</object>
	<object>
		<name>fire</name>
		<pose>Unspecified</pose>
		<truncated>Unspecified</truncated>
		<difficult>Unspecified</difficult>
		<bndbox>
			<xmin>1101</xmin>
			<ymin>804</ymin>
			<xmax>1146</xmax>
			<ymax>827</ymax>
		</bndbox>
	</object>
	<object>
		<name>fire</name>
		<pose>Unspecified</pose>
		<truncated>Unspecified</truncated>
		<difficult>Unspecified</difficult>
		<bndbox>
			<xmin>1070</xmin>
			<ymin>880</ymin>
			<xmax>1154</xmax>
			<ymax>948</ymax>
		</bndbox>
	</object>
	<object>
		<name>fire</name>
		<pose>Unspecified</pose>
		<truncated>Unspecified</truncated>
		<difficult>Unspecified</difficult>
		<bndbox>
			<xmin>1214</xmin>
			<ymin>938</ymin>
			<xmax>1254</xmax>
			<ymax>963</ymax>
		</bndbox>
	</object>
</annotation>