<annotation>
	<folder>my-project-name</folder>
	<filename>Frehhome39.jpg</filename>
	<path>/my-project-name/Frehhome39.jpg</path>
	<source>
		<database>Unspecified</database>
	</source>
	<size>
		<width>1920</width>
		<height>1080</height>
		<depth>3</depth>
	</size>
	<object>
		<name>smoke</name>
		<pose>Unspecified</pose>
		<truncated>Unspecified</truncated>
		<difficult>Unspecified</difficult>
		<bndbox>
			<xmin>0</xmin>
			<ymin>0</ymin>
			<xmax>826</xmax>
			<ymax>570</ymax>
		</bndbox>
	</object>
	<object>
		<name>smoke</name>
		<pose>Unspecified</pose>
		<truncated>Unspecified</truncated>
		<difficult>Unspecified</difficult>
		<bndbox>
			<xmin>862</xmin>
			<ymin>446</ymin>
			<xmax>1062</xmax>
			<ymax>538</ymax>
		</bndbox>
	</object>
	<object>
		<name>fire</name>
		<pose>Unspecified</pose>
		<truncated>Unspecified</truncated>
		<difficult>Unspecified</difficult>
		<bndbox>
			<xmin>750</xmin>
			<ymin>515</ymin>
			<xmax>1117</xmax>
			<ymax>705</ymax>
		</bndbox>
	</object>
	<object>
		<name>fire</name>
		<pose>Unspecified</pose>
		<truncated>Unspecified</truncated>
		<difficult>Unspecified</difficult>
		<bndbox>
			<xmin>692</xmin>
			<ymin>719</ymin>
			<xmax>1106</xmax>
			<ymax>933</ymax>
		</bndbox>
	</object>
</annotation>