<annotation>
	<folder>my-project-name</folder>
	<filename>Frehhome10.jpg</filename>
	<path>/my-project-name/Frehhome10.jpg</path>
	<source>
		<database>Unspecified</database>
	</source>
	<size>
		<width>1920</width>
		<height>1080</height>
		<depth>3</depth>
	</size>
	<object>
		<name>fire</name>
		<pose>Unspecified</pose>
		<truncated>Unspecified</truncated>
		<difficult>Unspecified</difficult>
		<bndbox>
			<xmin>992</xmin>
			<ymin>700</ymin>
			<xmax>1032</xmax>
			<ymax>730</ymax>
		</bndbox>
	</object>
	<object>
		<name>fire</name>
		<pose>Unspecified</pose>
		<truncated>Unspecified</truncated>
		<difficult>Unspecified</difficult>
		<bndbox>
			<xmin>998</xmin>
			<ymin>893</ymin>
			<xmax>1009</xmax>
			<ymax>908</ymax>
		</bndbox>
	</object>
	<object>
		<name>fire</name>
		<pose>Unspecified</pose>
		<truncated>Unspecified</truncated>
		<difficult>Unspecified</difficult>
		<bndbox>
			<xmin>927</xmin>
			<ymin>865</ymin>
			<xmax>965</xmax>
			<ymax>899</ymax>
		</bndbox>
	</object>
	<object>
		<name>fire</name>
		<pose>Unspecified</pose>
		<truncated>Unspecified</truncated>
		<difficult>Unspecified</difficult>
		<bndbox>
			<xmin>862</xmin>
			<ymin>788</ymin>
			<xmax>901</xmax>
			<ymax>917</ymax>
		</bndbox>
	</object>
	<object>
		<name>smoke</name>
		<pose>Unspecified</pose>
		<truncated>Unspecified</truncated>
		<difficult>Unspecified</difficult>
		<bndbox>
			<xmin>131</xmin>
			<ymin>146</ymin>
			<xmax>992</xmax>
			<ymax>655</ymax>
		</bndbox>
	</object>
</annotation>