<annotation>
	<folder>my-project-name</folder>
	<filename>Frehhome68.jpg</filename>
	<path>/my-project-name/Frehhome68.jpg</path>
	<source>
		<database>Unspecified</database>
	</source>
	<size>
		<width>1920</width>
		<height>1080</height>
		<depth>3</depth>
	</size>
	<object>
		<name>fire</name>
		<pose>Unspecified</pose>
		<truncated>Unspecified</truncated>
		<difficult>Unspecified</difficult>
		<bndbox>
			<xmin>904</xmin>
			<ymin>873</ymin>
			<xmax>1071</xmax>
			<ymax>967</ymax>
		</bndbox>
	</object>
	<object>
		<name>fire</name>
		<pose>Unspecified</pose>
		<truncated>Unspecified</truncated>
		<difficult>Unspecified</difficult>
		<bndbox>
			<xmin>773</xmin>
			<ymin>997</ymin>
			<xmax>846</xmax>
			<ymax>1048</ymax>
		</bndbox>
	</object>
</annotation>