<annotation>
	<folder>my-project-name</folder>
	<filename>Frehhome28.jpg</filename>
	<path>/my-project-name/Frehhome28.jpg</path>
	<source>
		<database>Unspecified</database>
	</source>
	<size>
		<width>1920</width>
		<height>1080</height>
		<depth>3</depth>
	</size>
	<object>
		<name>fire</name>
		<pose>Unspecified</pose>
		<truncated>Unspecified</truncated>
		<difficult>Unspecified</difficult>
		<bndbox>
			<xmin>701</xmin>
			<ymin>506</ymin>
			<xmax>1127</xmax>
			<ymax>673</ymax>
		</bndbox>
	</object>
	<object>
		<name>fire</name>
		<pose>Unspecified</pose>
		<truncated>Unspecified</truncated>
		<difficult>Unspecified</difficult>
		<bndbox>
			<xmin>676</xmin>
			<ymin>726</ymin>
			<xmax>959</xmax>
			<ymax>944</ymax>
		</bndbox>
	</object>
	<object>
		<name>fire</name>
		<pose>Unspecified</pose>
		<truncated>Unspecified</truncated>
		<difficult>Unspecified</difficult>
		<bndbox>
			<xmin>823</xmin>
			<ymin>832</ymin>
			<xmax>872</xmax>
			<ymax>908</ymax>
		</bndbox>
	</object>
	<object>
		<name>fire</name>
		<pose>Unspecified</pose>
		<truncated>Unspecified</truncated>
		<difficult>Unspecified</difficult>
		<bndbox>
			<xmin>993</xmin>
			<ymin>892</ymin>
			<xmax>1025</xmax>
			<ymax>928</ymax>
		</bndbox>
	</object>
	<object>
		<name>smoke</name>
		<pose>Unspecified</pose>
		<truncated>Unspecified</truncated>
		<difficult>Unspecified</difficult>
		<bndbox>
			<xmin>26</xmin>
			<ymin>32</ymin>
			<xmax>1030</xmax>
			<ymax>643</ymax>
		</bndbox>
	</object>
	<object>
		<name>smoke</name>
		<pose>Unspecified</pose>
		<truncated>Unspecified</truncated>
		<difficult>Unspecified</difficult>
		<bndbox>
			<xmin>1081</xmin>
			<ymin>540</ymin>
			<xmax>1143</xmax>
			<ymax>604</ymax>
		</bndbox>
	</object>
</annotation>