<annotation>
	<folder>my-project-name</folder>
	<filename>Frehhome67.jpg</filename>
	<path>/my-project-name/Frehhome67.jpg</path>
	<source>
		<database>Unspecified</database>
	</source>
	<size>
		<width>1920</width>
		<height>1080</height>
		<depth>3</depth>
	</size>
	<object>
		<name>fire</name>
		<pose>Unspecified</pose>
		<truncated>Unspecified</truncated>
		<difficult>Unspecified</difficult>
		<bndbox>
			<xmin>1336</xmin>
			<ymin>869</ymin>
			<xmax>1358</xmax>
			<ymax>948</ymax>
		</bndbox>
	</object>
	<object>
		<name>fire</name>
		<pose>Unspecified</pose>
		<truncated>Unspecified</truncated>
		<difficult>Unspecified</difficult>
		<bndbox>
			<xmin>988</xmin>
			<ymin>776</ymin>
			<xmax>1096</xmax>
			<ymax>867</ymax>
		</bndbox>
	</object>
	<object>
		<name>fire</name>
		<pose>Unspecified</pose>
		<truncated>Unspecified</truncated>
		<difficult>Unspecified</difficult>
		<bndbox>
			<xmin>825</xmin>
			<ymin>774</ymin>
			<xmax>881</xmax>
			<ymax>832</ymax>
		</bndbox>
	</object>
	<object>
		<name>fire</name>
		<pose>Unspecified</pose>
		<truncated>Unspecified</truncated>
		<difficult>Unspecified</difficult>
		<bndbox>
			<xmin>895</xmin>
			<ymin>873</ymin>
			<xmax>947</xmax>
			<ymax>918</ymax>
		</bndbox>
	</object>
	<object>
		<name>fire</name>
		<pose>Unspecified</pose>
		<truncated>Unspecified</truncated>
		<difficult>Unspecified</difficult>
		<bndbox>
			<xmin>509</xmin>
			<ymin>958</ymin>
			<xmax>621</xmax>
			<ymax>1034</ymax>
		</bndbox>
	</object>
	<object>
		<name>smoke</name>
		<pose>Unspecified</pose>
		<truncated>Unspecified</truncated>
		<difficult>Unspecified</difficult>
		<bndbox>
			<xmin>598</xmin>
			<ymin>599</ymin>
			<xmax>981</xmax>
			<ymax>760</ymax>
		</bndbox>
	</object>
</annotation>