<annotation>
	<folder>my-project-name</folder>
	<filename>Frehhome34.jpg</filename>
	<path>/my-project-name/Frehhome34.jpg</path>
	<source>
		<database>Unspecified</database>
	</source>
	<size>
		<width>1920</width>
		<height>1080</height>
		<depth>3</depth>
	</size>
	<object>
		<name>smoke</name>
		<pose>Unspecified</pose>
		<truncated>Unspecified</truncated>
		<difficult>Unspecified</difficult>
		<bndbox>
			<xmin>0</xmin>
			<ymin>11</ymin>
			<xmax>952</xmax>
			<ymax>568</ymax>
		</bndbox>
	</object>
	<object>
		<name>fire</name>
		<pose>Unspecified</pose>
		<truncated>Unspecified</truncated>
		<difficult>Unspecified</difficult>
		<bndbox>
			<xmin>789</xmin>
			<ymin>460</ymin>
			<xmax>1202</xmax>
			<ymax>680</ymax>
		</bndbox>
	</object>
	<object>
		<name>fire</name>
		<pose>Unspecified</pose>
		<truncated>Unspecified</truncated>
		<difficult>Unspecified</difficult>
		<bndbox>
			<xmin>750</xmin>
			<ymin>694</ymin>
			<xmax>1092</xmax>
			<ymax>853</ymax>
		</bndbox>
	</object>
</annotation>