<annotation>
	<folder>my-project-name</folder>
	<filename>Frehhome22.jpg</filename>
	<path>/my-project-name/Frehhome22.jpg</path>
	<source>
		<database>Unspecified</database>
	</source>
	<size>
		<width>1920</width>
		<height>1080</height>
		<depth>3</depth>
	</size>
	<object>
		<name>smoke</name>
		<pose>Unspecified</pose>
		<truncated>Unspecified</truncated>
		<difficult>Unspecified</difficult>
		<bndbox>
			<xmin>0</xmin>
			<ymin>0</ymin>
			<xmax>1007</xmax>
			<ymax>524</ymax>
		</bndbox>
	</object>
	<object>
		<name>fire</name>
		<pose>Unspecified</pose>
		<truncated>Unspecified</truncated>
		<difficult>Unspecified</difficult>
		<bndbox>
			<xmin>752</xmin>
			<ymin>489</ymin>
			<xmax>1143</xmax>
			<ymax>646</ymax>
		</bndbox>
	</object>
	<object>
		<name>fire</name>
		<pose>Unspecified</pose>
		<truncated>Unspecified</truncated>
		<difficult>Unspecified</difficult>
		<bndbox>
			<xmin>734</xmin>
			<ymin>652</ymin>
			<xmax>797</xmax>
			<ymax>735</ymax>
		</bndbox>
	</object>
	<object>
		<name>fire</name>
		<pose>Unspecified</pose>
		<truncated>Unspecified</truncated>
		<difficult>Unspecified</difficult>
		<bndbox>
			<xmin>695</xmin>
			<ymin>742</ymin>
			<xmax>803</xmax>
			<ymax>918</ymax>
		</bndbox>
	</object>
	<object>
		<name>fire</name>
		<pose>Unspecified</pose>
		<truncated>Unspecified</truncated>
		<difficult>Unspecified</difficult>
		<bndbox>
			<xmin>793</xmin>
			<ymin>721</ymin>
			<xmax>932</xmax>
			<ymax>783</ymax>
		</bndbox>
	</object>
	<object>
		<name>fire</name>
		<pose>Unspecified</pose>
		<truncated>Unspecified</truncated>
		<difficult>Unspecified</difficult>
		<bndbox>
			<xmin>830</xmin>
			<ymin>811</ymin>
			<xmax>928</xmax>
			<ymax>895</ymax>
		</bndbox>
	</object>
	<object>
		<name>fire</name>
		<pose>Unspecified</pose>
		<truncated>Unspecified</truncated>
		<difficult>Unspecified</difficult>
		<bndbox>
			<xmin>982</xmin>
			<ymin>821</ymin>
			<xmax>1018</xmax>
			<ymax>896</ymax>
		</bndbox>
	</object>
</annotation>