<annotation>
	<folder>my-project-name</folder>
	<filename>Frehhome5.jpg</filename>
	<path>/my-project-name/Frehhome5.jpg</path>
	<source>
		<database>Unspecified</database>
	</source>
	<size>
		<width>1920</width>
		<height>1080</height>
		<depth>3</depth>
	</size>
	<object>
		<name>fire</name>
		<pose>Unspecified</pose>
		<truncated>Unspecified</truncated>
		<difficult>Unspecified</difficult>
		<bndbox>
			<xmin>979</xmin>
			<ymin>656</ymin>
			<xmax>1021</xmax>
			<ymax>690</ymax>
		</bndbox>
	</object>
	<object>
		<name>fire</name>
		<pose>Unspecified</pose>
		<truncated>Unspecified</truncated>
		<difficult>Unspecified</difficult>
		<bndbox>
			<xmin>835</xmin>
			<ymin>751</ymin>
			<xmax>873</xmax>
			<ymax>873</ymax>
		</bndbox>
	</object>
	<object>
		<name>fire</name>
		<pose>Unspecified</pose>
		<truncated>Unspecified</truncated>
		<difficult>Unspecified</difficult>
		<bndbox>
			<xmin>913</xmin>
			<ymin>829</ymin>
			<xmax>936</xmax>
			<ymax>860</ymax>
		</bndbox>
	</object>
	<object>
		<name>smoke</name>
		<pose>Unspecified</pose>
		<truncated>Unspecified</truncated>
		<difficult>Unspecified</difficult>
		<bndbox>
			<xmin>99</xmin>
			<ymin>299</ymin>
			<xmax>959</xmax>
			<ymax>726</ymax>
		</bndbox>
	</object>
</annotation>