<annotation>
	<folder>my-project-name</folder>
	<filename>Frehhome17.jpg</filename>
	<path>/my-project-name/Frehhome17.jpg</path>
	<source>
		<database>Unspecified</database>
	</source>
	<size>
		<width>1920</width>
		<height>1080</height>
		<depth>3</depth>
	</size>
	<object>
		<name>fire</name>
		<pose>Unspecified</pose>
		<truncated>Unspecified</truncated>
		<difficult>Unspecified</difficult>
		<bndbox>
			<xmin>890</xmin>
			<ymin>512</ymin>
			<xmax>1090</xmax>
			<ymax>710</ymax>
		</bndbox>
	</object>
	<object>
		<name>fire</name>
		<pose>Unspecified</pose>
		<truncated>Unspecified</truncated>
		<difficult>Unspecified</difficult>
		<bndbox>
			<xmin>764</xmin>
			<ymin>616</ymin>
			<xmax>901</xmax>
			<ymax>717</ymax>
		</bndbox>
	</object>
	<object>
		<name>fire</name>
		<pose>Unspecified</pose>
		<truncated>Unspecified</truncated>
		<difficult>Unspecified</difficult>
		<bndbox>
			<xmin>667</xmin>
			<ymin>777</ymin>
			<xmax>885</xmax>
			<ymax>1018</ymax>
		</bndbox>
	</object>
	<object>
		<name>fire</name>
		<pose>Unspecified</pose>
		<truncated>Unspecified</truncated>
		<difficult>Unspecified</difficult>
		<bndbox>
			<xmin>814</xmin>
			<ymin>919</ymin>
			<xmax>874</xmax>
			<ymax>983</ymax>
		</bndbox>
	</object>
	<object>
		<name>fire</name>
		<pose>Unspecified</pose>
		<truncated>Unspecified</truncated>
		<difficult>Unspecified</difficult>
		<bndbox>
			<xmin>943</xmin>
			<ymin>954</ymin>
			<xmax>989</xmax>
			<ymax>1011</ymax>
		</bndbox>
	</object>
	<object>
		<name>smoke</name>
		<pose>Unspecified</pose>
		<truncated>Unspecified</truncated>
		<difficult>Unspecified</difficult>
		<bndbox>
			<xmin>47</xmin>
			<ymin>21</ymin>
			<xmax>1044</xmax>
			<ymax>657</ymax>
		</bndbox>
	</object>
	<object>
		<name>smoke</name>
		<pose>Unspecified</pose>
		<truncated>Unspecified</truncated>
		<difficult>Unspecified</difficult>
		<bndbox>
			<xmin>1127</xmin>
			<ymin>676</ymin>
			<xmax>1235</xmax>
			<ymax>738</ymax>
		</bndbox>
	</object>
</annotation>