<annotation>
	<folder>my-project-name</folder>
	<filename>Frehhome66.jpg</filename>
	<path>/my-project-name/Frehhome66.jpg</path>
	<source>
		<database>Unspecified</database>
	</source>
	<size>
		<width>1920</width>
		<height>1080</height>
		<depth>3</depth>
	</size>
	<object>
		<name>fire</name>
		<pose>Unspecified</pose>
		<truncated>Unspecified</truncated>
		<difficult>Unspecified</difficult>
		<bndbox>
			<xmin>660</xmin>
			<ymin>878</ymin>
			<xmax>957</xmax>
			<ymax>1080</ymax>
		</bndbox>
	</object>
	<object>
		<name>fire</name>
		<pose>Unspecified</pose>
		<truncated>Unspecified</truncated>
		<difficult>Unspecified</difficult>
		<bndbox>
			<xmin>1156</xmin>
			<ymin>873</ymin>
			<xmax>1246</xmax>
			<ymax>919</ymax>
		</bndbox>
	</object>
</annotation>