<annotation>
	<folder>my-project-name</folder>
	<filename>hh788.jpg</filename>
	<path>/my-project-name/hh788.jpg</path>
	<source>
		<database>Unspecified</database>
	</source>
	<size>
		<width>3000</width>
		<height>4000</height>
		<depth>3</depth>
	</size>
	<object>
		<name>fire</name>
		<pose>Unspecified</pose>
		<truncated>Unspecified</truncated>
		<difficult>Unspecified</difficult>
		<bndbox>
			<xmin>1461</xmin>
			<ymin>2486</ymin>
			<xmax>1510</xmax>
			<ymax>2593</ymax>
		</bndbox>
	</object>
	<object>
		<name>smoke</name>
		<pose>Unspecified</pose>
		<truncated>Unspecified</truncated>
		<difficult>Unspecified</difficult>
		<bndbox>
			<xmin>1437</xmin>
			<ymin>1687</ymin>
			<xmax>1680</xmax>
			<ymax>2486</ymax>
		</bndbox>
	</object>
</annotation>