<annotation>
	<folder>my-project-name</folder>
	<filename>hoMefiRE21.jpg</filename>
	<path>/my-project-name/hoMefiRE21.jpg</path>
	<source>
		<database>Unspecified</database>
	</source>
	<size>
		<width>1920</width>
		<height>1080</height>
		<depth>3</depth>
	</size>
	<object>
		<name>smoke</name>
		<pose>Unspecified</pose>
		<truncated>Unspecified</truncated>
		<difficult>Unspecified</difficult>
		<bndbox>
			<xmin>1494</xmin>
			<ymin>264</ymin>
			<xmax>1844</xmax>
			<ymax>519</ymax>
		</bndbox>
	</object>
	<object>
		<name>smoke</name>
		<pose>Unspecified</pose>
		<truncated>Unspecified</truncated>
		<difficult>Unspecified</difficult>
		<bndbox>
			<xmin>1239</xmin>
			<ymin>131</ymin>
			<xmax>1467</xmax>
			<ymax>409</ymax>
		</bndbox>
	</object>
	<object>
		<name>smoke</name>
		<pose>Unspecified</pose>
		<truncated>Unspecified</truncated>
		<difficult>Unspecified</difficult>
		<bndbox>
			<xmin>688</xmin>
			<ymin>0</ymin>
			<xmax>869</xmax>
			<ymax>129</ymax>
		</bndbox>
	</object>
	<object>
		<name>fire</name>
		<pose>Unspecified</pose>
		<truncated>Unspecified</truncated>
		<difficult>Unspecified</difficult>
		<bndbox>
			<xmin>626</xmin>
			<ymin>136</ymin>
			<xmax>777</xmax>
			<ymax>584</ymax>
		</bndbox>
	</object>
	<object>
		<name>fire</name>
		<pose>Unspecified</pose>
		<truncated>Unspecified</truncated>
		<difficult>Unspecified</difficult>
		<bndbox>
			<xmin>832</xmin>
			<ymin>379</ymin>
			<xmax>952</xmax>
			<ymax>597</ymax>
		</bndbox>
	</object>
	<object>
		<name>fire</name>
		<pose>Unspecified</pose>
		<truncated>Unspecified</truncated>
		<difficult>Unspecified</difficult>
		<bndbox>
			<xmin>1025</xmin>
			<ymin>533</ymin>
			<xmax>1085</xmax>
			<ymax>591</ymax>
		</bndbox>
	</object>
	<object>
		<name>fire</name>
		<pose>Unspecified</pose>
		<truncated>Unspecified</truncated>
		<difficult>Unspecified</difficult>
		<bndbox>
			<xmin>1331</xmin>
			<ymin>462</ymin>
			<xmax>1398</xmax>
			<ymax>531</ymax>
		</bndbox>
	</object>
	<object>
		<name>fire</name>
		<pose>Unspecified</pose>
		<truncated>Unspecified</truncated>
		<difficult>Unspecified</difficult>
		<bndbox>
			<xmin>1713</xmin>
			<ymin>549</ymin>
			<xmax>1807</xmax>
			<ymax>609</ymax>
		</bndbox>
	</object>
	<object>
		<name>fire</name>
		<pose>Unspecified</pose>
		<truncated>Unspecified</truncated>
		<difficult>Unspecified</difficult>
		<bndbox>
			<xmin>1625</xmin>
			<ymin>572</ymin>
			<xmax>1692</xmax>
			<ymax>602</ymax>
		</bndbox>
	</object>
</annotation>