<annotation>
	<folder>my-project-name</folder>
	<filename>hoMefiRE26.jpg</filename>
	<path>/my-project-name/hoMefiRE26.jpg</path>
	<source>
		<database>Unspecified</database>
	</source>
	<size>
		<width>1920</width>
		<height>1080</height>
		<depth>3</depth>
	</size>
	<object>
		<name>fire</name>
		<pose>Unspecified</pose>
		<truncated>Unspecified</truncated>
		<difficult>Unspecified</difficult>
		<bndbox>
			<xmin>443</xmin>
			<ymin>431</ymin>
			<xmax>576</xmax>
			<ymax>568</ymax>
		</bndbox>
	</object>
	<object>
		<name>fire</name>
		<pose>Unspecified</pose>
		<truncated>Unspecified</truncated>
		<difficult>Unspecified</difficult>
		<bndbox>
			<xmin>502</xmin>
			<ymin>204</ymin>
			<xmax>637</xmax>
			<ymax>425</ymax>
		</bndbox>
	</object>
	<object>
		<name>fire</name>
		<pose>Unspecified</pose>
		<truncated>Unspecified</truncated>
		<difficult>Unspecified</difficult>
		<bndbox>
			<xmin>759</xmin>
			<ymin>457</ymin>
			<xmax>820</xmax>
			<ymax>534</ymax>
		</bndbox>
	</object>
	<object>
		<name>fire</name>
		<pose>Unspecified</pose>
		<truncated>Unspecified</truncated>
		<difficult>Unspecified</difficult>
		<bndbox>
			<xmin>704</xmin>
			<ymin>383</ymin>
			<xmax>777</xmax>
			<ymax>437</ymax>
		</bndbox>
	</object>
	<object>
		<name>fire</name>
		<pose>Unspecified</pose>
		<truncated>Unspecified</truncated>
		<difficult>Unspecified</difficult>
		<bndbox>
			<xmin>889</xmin>
			<ymin>513</ymin>
			<xmax>932</xmax>
			<ymax>582</ymax>
		</bndbox>
	</object>
	<object>
		<name>fire</name>
		<pose>Unspecified</pose>
		<truncated>Unspecified</truncated>
		<difficult>Unspecified</difficult>
		<bndbox>
			<xmin>941</xmin>
			<ymin>260</ymin>
			<xmax>991</xmax>
			<ymax>304</ymax>
		</bndbox>
	</object>
	<object>
		<name>smoke</name>
		<pose>Unspecified</pose>
		<truncated>Unspecified</truncated>
		<difficult>Unspecified</difficult>
		<bndbox>
			<xmin>1320</xmin>
			<ymin>179</ymin>
			<xmax>1729</xmax>
			<ymax>496</ymax>
		</bndbox>
	</object>
	<object>
		<name>fire</name>
		<pose>Unspecified</pose>
		<truncated>Unspecified</truncated>
		<difficult>Unspecified</difficult>
		<bndbox>
			<xmin>1642</xmin>
			<ymin>512</ymin>
			<xmax>1719</xmax>
			<ymax>577</ymax>
		</bndbox>
	</object>
	<object>
		<name>fire</name>
		<pose>Unspecified</pose>
		<truncated>Unspecified</truncated>
		<difficult>Unspecified</difficult>
		<bndbox>
			<xmin>1556</xmin>
			<ymin>508</ymin>
			<xmax>1625</xmax>
			<ymax>582</ymax>
		</bndbox>
	</object>
	<object>
		<name>fire</name>
		<pose>Unspecified</pose>
		<truncated>Unspecified</truncated>
		<difficult>Unspecified</difficult>
		<bndbox>
			<xmin>1437</xmin>
			<ymin>529</ymin>
			<xmax>1554</xmax>
			<ymax>578</ymax>
		</bndbox>
	</object>
	<object>
		<name>fire</name>
		<pose>Unspecified</pose>
		<truncated>Unspecified</truncated>
		<difficult>Unspecified</difficult>
		<bndbox>
			<xmin>1137</xmin>
			<ymin>455</ymin>
			<xmax>1181</xmax>
			<ymax>492</ymax>
		</bndbox>
	</object>
	<object>
		<name>fire</name>
		<pose>Unspecified</pose>
		<truncated>Unspecified</truncated>
		<difficult>Unspecified</difficult>
		<bndbox>
			<xmin>1339</xmin>
			<ymin>519</ymin>
			<xmax>1370</xmax>
			<ymax>540</ymax>
		</bndbox>
	</object>
	<object>
		<name>fire</name>
		<pose>Unspecified</pose>
		<truncated>Unspecified</truncated>
		<difficult>Unspecified</difficult>
		<bndbox>
			<xmin>1002</xmin>
			<ymin>463</ymin>
			<xmax>1074</xmax>
			<ymax>481</ymax>
		</bndbox>
	</object>
	<object>
		<name>fire</name>
		<pose>Unspecified</pose>
		<truncated>Unspecified</truncated>
		<difficult>Unspecified</difficult>
		<bndbox>
			<xmin>875</xmin>
			<ymin>403</ymin>
			<xmax>980</xmax>
			<ymax>457</ymax>
		</bndbox>
	</object>
</annotation>