<annotation>
	<folder>my-project-name</folder>
	<filename>hoMefiRE14.jpg</filename>
	<path>/my-project-name/hoMefiRE14.jpg</path>
	<source>
		<database>Unspecified</database>
	</source>
	<size>
		<width>1920</width>
		<height>1080</height>
		<depth>3</depth>
	</size>
	<object>
		<name>smoke</name>
		<pose>Unspecified</pose>
		<truncated>Unspecified</truncated>
		<difficult>Unspecified</difficult>
		<bndbox>
			<xmin>1377</xmin>
			<ymin>51</ymin>
			<xmax>1920</xmax>
			<ymax>347</ymax>
		</bndbox>
	</object>
	<object>
		<name>smoke</name>
		<pose>Unspecified</pose>
		<truncated>Unspecified</truncated>
		<difficult>Unspecified</difficult>
		<bndbox>
			<xmin>1218</xmin>
			<ymin>323</ymin>
			<xmax>1284</xmax>
			<ymax>396</ymax>
		</bndbox>
	</object>
	<object>
		<name>fire</name>
		<pose>Unspecified</pose>
		<truncated>Unspecified</truncated>
		<difficult>Unspecified</difficult>
		<bndbox>
			<xmin>1896</xmin>
			<ymin>426</ymin>
			<xmax>1920</xmax>
			<ymax>472</ymax>
		</bndbox>
	</object>
	<object>
		<name>fire</name>
		<pose>Unspecified</pose>
		<truncated>Unspecified</truncated>
		<difficult>Unspecified</difficult>
		<bndbox>
			<xmin>1788</xmin>
			<ymin>399</ymin>
			<xmax>1866</xmax>
			<ymax>513</ymax>
		</bndbox>
	</object>
	<object>
		<name>fire</name>
		<pose>Unspecified</pose>
		<truncated>Unspecified</truncated>
		<difficult>Unspecified</difficult>
		<bndbox>
			<xmin>1662</xmin>
			<ymin>455</ymin>
			<xmax>1738</xmax>
			<ymax>496</ymax>
		</bndbox>
	</object>
	<object>
		<name>fire</name>
		<pose>Unspecified</pose>
		<truncated>Unspecified</truncated>
		<difficult>Unspecified</difficult>
		<bndbox>
			<xmin>1739</xmin>
			<ymin>421</ymin>
			<xmax>1757</xmax>
			<ymax>440</ymax>
		</bndbox>
	</object>
	<object>
		<name>fire</name>
		<pose>Unspecified</pose>
		<truncated>Unspecified</truncated>
		<difficult>Unspecified</difficult>
		<bndbox>
			<xmin>1757</xmin>
			<ymin>466</ymin>
			<xmax>1783</xmax>
			<ymax>486</ymax>
		</bndbox>
	</object>
	<object>
		<name>fire</name>
		<pose>Unspecified</pose>
		<truncated>Unspecified</truncated>
		<difficult>Unspecified</difficult>
		<bndbox>
			<xmin>1586</xmin>
			<ymin>441</ymin>
			<xmax>1613</xmax>
			<ymax>479</ymax>
		</bndbox>
	</object>
	<object>
		<name>fire</name>
		<pose>Unspecified</pose>
		<truncated>Unspecified</truncated>
		<difficult>Unspecified</difficult>
		<bndbox>
			<xmin>1321</xmin>
			<ymin>369</ymin>
			<xmax>1381</xmax>
			<ymax>420</ymax>
		</bndbox>
	</object>
	<object>
		<name>fire</name>
		<pose>Unspecified</pose>
		<truncated>Unspecified</truncated>
		<difficult>Unspecified</difficult>
		<bndbox>
			<xmin>1155</xmin>
			<ymin>398</ymin>
			<xmax>1210</xmax>
			<ymax>423</ymax>
		</bndbox>
	</object>
	<object>
		<name>fire</name>
		<pose>Unspecified</pose>
		<truncated>Unspecified</truncated>
		<difficult>Unspecified</difficult>
		<bndbox>
			<xmin>1017</xmin>
			<ymin>192</ymin>
			<xmax>1116</xmax>
			<ymax>299</ymax>
		</bndbox>
	</object>
	<object>
		<name>fire</name>
		<pose>Unspecified</pose>
		<truncated>Unspecified</truncated>
		<difficult>Unspecified</difficult>
		<bndbox>
			<xmin>829</xmin>
			<ymin>329</ymin>
			<xmax>1078</xmax>
			<ymax>523</ymax>
		</bndbox>
	</object>
	<object>
		<name>fire</name>
		<pose>Unspecified</pose>
		<truncated>Unspecified</truncated>
		<difficult>Unspecified</difficult>
		<bndbox>
			<xmin>600</xmin>
			<ymin>241</ymin>
			<xmax>757</xmax>
			<ymax>435</ymax>
		</bndbox>
	</object>
	<object>
		<name>fire</name>
		<pose>Unspecified</pose>
		<truncated>Unspecified</truncated>
		<difficult>Unspecified</difficult>
		<bndbox>
			<xmin>529</xmin>
			<ymin>32</ymin>
			<xmax>757</xmax>
			<ymax>200</ymax>
		</bndbox>
	</object>
	<object>
		<name>fire</name>
		<pose>Unspecified</pose>
		<truncated>Unspecified</truncated>
		<difficult>Unspecified</difficult>
		<bndbox>
			<xmin>513</xmin>
			<ymin>416</ymin>
			<xmax>635</xmax>
			<ymax>531</ymax>
		</bndbox>
	</object>
</annotation>