<annotation>
	<folder>my-project-name</folder>
	<filename>hoMefiRE1.jpg</filename>
	<path>/my-project-name/hoMefiRE1.jpg</path>
	<source>
		<database>Unspecified</database>
	</source>
	<size>
		<width>1920</width>
		<height>1080</height>
		<depth>3</depth>
	</size>
	<object>
		<name>smoke</name>
		<pose>Unspecified</pose>
		<truncated>Unspecified</truncated>
		<difficult>Unspecified</difficult>
		<bndbox>
			<xmin>1037</xmin>
			<ymin>0</ymin>
			<xmax>1428</xmax>
			<ymax>218</ymax>
		</bndbox>
	</object>
	<object>
		<name>smoke</name>
		<pose>Unspecified</pose>
		<truncated>Unspecified</truncated>
		<difficult>Unspecified</difficult>
		<bndbox>
			<xmin>426</xmin>
			<ymin>0</ymin>
			<xmax>874</xmax>
			<ymax>237</ymax>
		</bndbox>
	</object>
	<object>
		<name>smoke</name>
		<pose>Unspecified</pose>
		<truncated>Unspecified</truncated>
		<difficult>Unspecified</difficult>
		<bndbox>
			<xmin>1699</xmin>
			<ymin>248</ymin>
			<xmax>1920</xmax>
			<ymax>430</ymax>
		</bndbox>
	</object>
	<object>
		<name>smoke</name>
		<pose>Unspecified</pose>
		<truncated>Unspecified</truncated>
		<difficult>Unspecified</difficult>
		<bndbox>
			<xmin>1418</xmin>
			<ymin>471</ymin>
			<xmax>1586</xmax>
			<ymax>563</ymax>
		</bndbox>
	</object>
	<object>
		<name>fire</name>
		<pose>Unspecified</pose>
		<truncated>Unspecified</truncated>
		<difficult>Unspecified</difficult>
		<bndbox>
			<xmin>1864</xmin>
			<ymin>648</ymin>
			<xmax>1920</xmax>
			<ymax>680</ymax>
		</bndbox>
	</object>
	<object>
		<name>fire</name>
		<pose>Unspecified</pose>
		<truncated>Unspecified</truncated>
		<difficult>Unspecified</difficult>
		<bndbox>
			<xmin>1878</xmin>
			<ymin>612</ymin>
			<xmax>1913</xmax>
			<ymax>631</ymax>
		</bndbox>
	</object>
	<object>
		<name>fire</name>
		<pose>Unspecified</pose>
		<truncated>Unspecified</truncated>
		<difficult>Unspecified</difficult>
		<bndbox>
			<xmin>1792</xmin>
			<ymin>623</ymin>
			<xmax>1861</xmax>
			<ymax>681</ymax>
		</bndbox>
	</object>
	<object>
		<name>fire</name>
		<pose>Unspecified</pose>
		<truncated>Unspecified</truncated>
		<difficult>Unspecified</difficult>
		<bndbox>
			<xmin>1751</xmin>
			<ymin>623</ymin>
			<xmax>1794</xmax>
			<ymax>665</ymax>
		</bndbox>
	</object>
	<object>
		<name>fire</name>
		<pose>Unspecified</pose>
		<truncated>Unspecified</truncated>
		<difficult>Unspecified</difficult>
		<bndbox>
			<xmin>1672</xmin>
			<ymin>647</ymin>
			<xmax>1711</xmax>
			<ymax>695</ymax>
		</bndbox>
	</object>
	<object>
		<name>fire</name>
		<pose>Unspecified</pose>
		<truncated>Unspecified</truncated>
		<difficult>Unspecified</difficult>
		<bndbox>
			<xmin>1607</xmin>
			<ymin>623</ymin>
			<xmax>1632</xmax>
			<ymax>652</ymax>
		</bndbox>
	</object>
	<object>
		<name>fire</name>
		<pose>Unspecified</pose>
		<truncated>Unspecified</truncated>
		<difficult>Unspecified</difficult>
		<bndbox>
			<xmin>1551</xmin>
			<ymin>575</ymin>
			<xmax>1609</xmax>
			<ymax>607</ymax>
		</bndbox>
	</object>
	<object>
		<name>fire</name>
		<pose>Unspecified</pose>
		<truncated>Unspecified</truncated>
		<difficult>Unspecified</difficult>
		<bndbox>
			<xmin>1042</xmin>
			<ymin>605</ymin>
			<xmax>1153</xmax>
			<ymax>684</ymax>
		</bndbox>
	</object>
	<object>
		<name>fire</name>
		<pose>Unspecified</pose>
		<truncated>Unspecified</truncated>
		<difficult>Unspecified</difficult>
		<bndbox>
			<xmin>956</xmin>
			<ymin>529</ymin>
			<xmax>1069</xmax>
			<ymax>632</ymax>
		</bndbox>
	</object>
	<object>
		<name>fire</name>
		<pose>Unspecified</pose>
		<truncated>Unspecified</truncated>
		<difficult>Unspecified</difficult>
		<bndbox>
			<xmin>1037</xmin>
			<ymin>456</ymin>
			<xmax>1345</xmax>
			<ymax>547</ymax>
		</bndbox>
	</object>
	<object>
		<name>fire</name>
		<pose>Unspecified</pose>
		<truncated>Unspecified</truncated>
		<difficult>Unspecified</difficult>
		<bndbox>
			<xmin>1168</xmin>
			<ymin>260</ymin>
			<xmax>1317</xmax>
			<ymax>425</ymax>
		</bndbox>
	</object>
	<object>
		<name>fire</name>
		<pose>Unspecified</pose>
		<truncated>Unspecified</truncated>
		<difficult>Unspecified</difficult>
		<bndbox>
			<xmin>658</xmin>
			<ymin>247</ymin>
			<xmax>887</xmax>
			<ymax>643</ymax>
		</bndbox>
	</object>
</annotation>