<annotation>
	<folder>my-project-name</folder>
	<filename>hoMefiRE7.jpg</filename>
	<path>/my-project-name/hoMefiRE7.jpg</path>
	<source>
		<database>Unspecified</database>
	</source>
	<size>
		<width>1920</width>
		<height>1080</height>
		<depth>3</depth>
	</size>
	<object>
		<name>fire</name>
		<pose>Unspecified</pose>
		<truncated>Unspecified</truncated>
		<difficult>Unspecified</difficult>
		<bndbox>
			<xmin>1823</xmin>
			<ymin>634</ymin>
			<xmax>1920</xmax>
			<ymax>765</ymax>
		</bndbox>
	</object>
	<object>
		<name>smoke</name>
		<pose>Unspecified</pose>
		<truncated>Unspecified</truncated>
		<difficult>Unspecified</difficult>
		<bndbox>
			<xmin>1446</xmin>
			<ymin>342</ymin>
			<xmax>1920</xmax>
			<ymax>607</ymax>
		</bndbox>
	</object>
	<object>
		<name>fire</name>
		<pose>Unspecified</pose>
		<truncated>Unspecified</truncated>
		<difficult>Unspecified</difficult>
		<bndbox>
			<xmin>1417</xmin>
			<ymin>643</ymin>
			<xmax>1485</xmax>
			<ymax>695</ymax>
		</bndbox>
	</object>
	<object>
		<name>smoke</name>
		<pose>Unspecified</pose>
		<truncated>Unspecified</truncated>
		<difficult>Unspecified</difficult>
		<bndbox>
			<xmin>1277</xmin>
			<ymin>558</ymin>
			<xmax>1443</xmax>
			<ymax>676</ymax>
		</bndbox>
	</object>
	<object>
		<name>smoke</name>
		<pose>Unspecified</pose>
		<truncated>Unspecified</truncated>
		<difficult>Unspecified</difficult>
		<bndbox>
			<xmin>851</xmin>
			<ymin>0</ymin>
			<xmax>1285</xmax>
			<ymax>261</ymax>
		</bndbox>
	</object>
	<object>
		<name>fire</name>
		<pose>Unspecified</pose>
		<truncated>Unspecified</truncated>
		<difficult>Unspecified</difficult>
		<bndbox>
			<xmin>1118</xmin>
			<ymin>262</ymin>
			<xmax>1202</xmax>
			<ymax>361</ymax>
		</bndbox>
	</object>
	<object>
		<name>fire</name>
		<pose>Unspecified</pose>
		<truncated>Unspecified</truncated>
		<difficult>Unspecified</difficult>
		<bndbox>
			<xmin>670</xmin>
			<ymin>299</ymin>
			<xmax>822</xmax>
			<ymax>474</ymax>
		</bndbox>
	</object>
	<object>
		<name>fire</name>
		<pose>Unspecified</pose>
		<truncated>Unspecified</truncated>
		<difficult>Unspecified</difficult>
		<bndbox>
			<xmin>607</xmin>
			<ymin>513</ymin>
			<xmax>787</xmax>
			<ymax>726</ymax>
		</bndbox>
	</object>
	<object>
		<name>fire</name>
		<pose>Unspecified</pose>
		<truncated>Unspecified</truncated>
		<difficult>Unspecified</difficult>
		<bndbox>
			<xmin>854</xmin>
			<ymin>631</ymin>
			<xmax>927</xmax>
			<ymax>744</ymax>
		</bndbox>
	</object>
	<object>
		<name>fire</name>
		<pose>Unspecified</pose>
		<truncated>Unspecified</truncated>
		<difficult>Unspecified</difficult>
		<bndbox>
			<xmin>971</xmin>
			<ymin>686</ymin>
			<xmax>1043</xmax>
			<ymax>753</ymax>
		</bndbox>
	</object>
	<object>
		<name>fire</name>
		<pose>Unspecified</pose>
		<truncated>Unspecified</truncated>
		<difficult>Unspecified</difficult>
		<bndbox>
			<xmin>1100</xmin>
			<ymin>378</ymin>
			<xmax>1149</xmax>
			<ymax>435</ymax>
		</bndbox>
	</object>
	<object>
		<name>fire</name>
		<pose>Unspecified</pose>
		<truncated>Unspecified</truncated>
		<difficult>Unspecified</difficult>
		<bndbox>
			<xmin>1086</xmin>
			<ymin>472</ymin>
			<xmax>1217</xmax>
			<ymax>601</ymax>
		</bndbox>
	</object>
	<object>
		<name>fire</name>
		<pose>Unspecified</pose>
		<truncated>Unspecified</truncated>
		<difficult>Unspecified</difficult>
		<bndbox>
			<xmin>1667</xmin>
			<ymin>696</ymin>
			<xmax>1729</xmax>
			<ymax>741</ymax>
		</bndbox>
	</object>
	<object>
		<name>fire</name>
		<pose>Unspecified</pose>
		<truncated>Unspecified</truncated>
		<difficult>Unspecified</difficult>
		<bndbox>
			<xmin>1759</xmin>
			<ymin>718</ymin>
			<xmax>1793</xmax>
			<ymax>741</ymax>
		</bndbox>
	</object>
	<object>
		<name>fire</name>
		<pose>Unspecified</pose>
		<truncated>Unspecified</truncated>
		<difficult>Unspecified</difficult>
		<bndbox>
			<xmin>1499</xmin>
			<ymin>689</ymin>
			<xmax>1521</xmax>
			<ymax>721</ymax>
		</bndbox>
	</object>
	<object>
		<name>fire</name>
		<pose>Unspecified</pose>
		<truncated>Unspecified</truncated>
		<difficult>Unspecified</difficult>
		<bndbox>
			<xmin>1153</xmin>
			<ymin>626</ymin>
			<xmax>1222</xmax>
			<ymax>658</ymax>
		</bndbox>
	</object>
</annotation>