<annotation>
	<folder>my-project-name</folder>
	<filename>instadat110.jpg</filename>
	<path>/my-project-name/instadat110.jpg</path>
	<source>
		<database>Unspecified</database>
	</source>
	<size>
		<width>640</width>
		<height>1138</height>
		<depth>3</depth>
	</size>
	<object>
		<name>smoke</name>
		<pose>Unspecified</pose>
		<truncated>Unspecified</truncated>
		<difficult>Unspecified</difficult>
		<bndbox>
			<xmin>260</xmin>
			<ymin>0</ymin>
			<xmax>353</xmax>
			<ymax>92</ymax>
		</bndbox>
	</object>
	<object>
		<name>smoke</name>
		<pose>Unspecified</pose>
		<truncated>Unspecified</truncated>
		<difficult>Unspecified</difficult>
		<bndbox>
			<xmin>325</xmin>
			<ymin>672</ymin>
			<xmax>369</xmax>
			<ymax>776</ymax>
		</bndbox>
	</object>
	<object>
		<name>fire</name>
		<pose>Unspecified</pose>
		<truncated>Unspecified</truncated>
		<difficult>Unspecified</difficult>
		<bndbox>
			<xmin>334</xmin>
			<ymin>774</ymin>
			<xmax>362</xmax>
			<ymax>801</ymax>
		</bndbox>
	</object>
</annotation>