<annotation>
	<folder>my-project-name</folder>
	<filename>instadat111.jpg</filename>
	<path>/my-project-name/instadat111.jpg</path>
	<source>
		<database>Unspecified</database>
	</source>
	<size>
		<width>640</width>
		<height>1138</height>
		<depth>3</depth>
	</size>
	<object>
		<name>fire</name>
		<pose>Unspecified</pose>
		<truncated>Unspecified</truncated>
		<difficult>Unspecified</difficult>
		<bndbox>
			<xmin>330</xmin>
			<ymin>818</ymin>
			<xmax>349</xmax>
			<ymax>863</ymax>
		</bndbox>
	</object>
	<object>
		<name>smoke</name>
		<pose>Unspecified</pose>
		<truncated>Unspecified</truncated>
		<difficult>Unspecified</difficult>
		<bndbox>
			<xmin>263</xmin>
			<ymin>0</ymin>
			<xmax>358</xmax>
			<ymax>81</ymax>
		</bndbox>
	</object>
</annotation>