<annotation>
	<folder>my-project-name</folder>
	<filename>instadat114.jpg</filename>
	<path>/my-project-name/instadat114.jpg</path>
	<source>
		<database>Unspecified</database>
	</source>
	<size>
		<width>640</width>
		<height>1138</height>
		<depth>3</depth>
	</size>
	<object>
		<name>fire</name>
		<pose>Unspecified</pose>
		<truncated>Unspecified</truncated>
		<difficult>Unspecified</difficult>
		<bndbox>
			<xmin>380</xmin>
			<ymin>877</ymin>
			<xmax>402</xmax>
			<ymax>906</ymax>
		</bndbox>
	</object>
	<object>
		<name>smoke</name>
		<pose>Unspecified</pose>
		<truncated>Unspecified</truncated>
		<difficult>Unspecified</difficult>
		<bndbox>
			<xmin>241</xmin>
			<ymin>693</ymin>
			<xmax>385</xmax>
			<ymax>909</ymax>
		</bndbox>
	</object>
	<object>
		<name>smoke</name>
		<pose>Unspecified</pose>
		<truncated>Unspecified</truncated>
		<difficult>Unspecified</difficult>
		<bndbox>
			<xmin>238</xmin>
			<ymin>0</ymin>
			<xmax>360</xmax>
			<ymax>86</ymax>
		</bndbox>
	</object>
</annotation>