<annotation>
	<folder>my-project-name</folder>
	<filename>instadat11.jpg</filename>
	<path>/my-project-name/instadat11.jpg</path>
	<source>
		<database>Unspecified</database>
	</source>
	<size>
		<width>640</width>
		<height>1138</height>
		<depth>3</depth>
	</size>
	<object>
		<name>fire</name>
		<pose>Unspecified</pose>
		<truncated>Unspecified</truncated>
		<difficult>Unspecified</difficult>
		<bndbox>
			<xmin>255</xmin>
			<ymin>278</ymin>
			<xmax>458</xmax>
			<ymax>407</ymax>
		</bndbox>
	</object>
	<object>
		<name>fire</name>
		<pose>Unspecified</pose>
		<truncated>Unspecified</truncated>
		<difficult>Unspecified</difficult>
		<bndbox>
			<xmin>465</xmin>
			<ymin>552</ymin>
			<xmax>581</xmax>
			<ymax>758</ymax>
		</bndbox>
	</object>
	<object>
		<name>smoke</name>
		<pose>Unspecified</pose>
		<truncated>Unspecified</truncated>
		<difficult>Unspecified</difficult>
		<bndbox>
			<xmin>10</xmin>
			<ymin>61</ymin>
			<xmax>429</xmax>
			<ymax>380</ymax>
		</bndbox>
	</object>
	<object>
		<name>fire</name>
		<pose>Unspecified</pose>
		<truncated>Unspecified</truncated>
		<difficult>Unspecified</difficult>
		<bndbox>
			<xmin>475</xmin>
			<ymin>862</ymin>
			<xmax>519</xmax>
			<ymax>947</ymax>
		</bndbox>
	</object>
</annotation>