<annotation>
	<folder>my-project-name</folder>
	<filename>instadat115.jpg</filename>
	<path>/my-project-name/instadat115.jpg</path>
	<source>
		<database>Unspecified</database>
	</source>
	<size>
		<width>640</width>
		<height>1138</height>
		<depth>3</depth>
	</size>
	<object>
		<name>fire</name>
		<pose>Unspecified</pose>
		<truncated>Unspecified</truncated>
		<difficult>Unspecified</difficult>
		<bndbox>
			<xmin>429</xmin>
			<ymin>969</ymin>
			<xmax>458</xmax>
			<ymax>1024</ymax>
		</bndbox>
	</object>
	<object>
		<name>smoke</name>
		<pose>Unspecified</pose>
		<truncated>Unspecified</truncated>
		<difficult>Unspecified</difficult>
		<bndbox>
			<xmin>257</xmin>
			<ymin>0</ymin>
			<xmax>347</xmax>
			<ymax>85</ymax>
		</bndbox>
	</object>
	<object>
		<name>smoke</name>
		<pose>Unspecified</pose>
		<truncated>Unspecified</truncated>
		<difficult>Unspecified</difficult>
		<bndbox>
			<xmin>201</xmin>
			<ymin>630</ymin>
			<xmax>473</xmax>
			<ymax>976</ymax>
		</bndbox>
	</object>
</annotation>