<annotation>
	<folder>my-project-name</folder>
	<filename>instadat18.jpg</filename>
	<path>/my-project-name/instadat18.jpg</path>
	<source>
		<database>Unspecified</database>
	</source>
	<size>
		<width>640</width>
		<height>1138</height>
		<depth>3</depth>
	</size>
	<object>
		<name>smoke</name>
		<pose>Unspecified</pose>
		<truncated>Unspecified</truncated>
		<difficult>Unspecified</difficult>
		<bndbox>
			<xmin>247</xmin>
			<ymin>0</ymin>
			<xmax>349</xmax>
			<ymax>94</ymax>
		</bndbox>
	</object>
	<object>
		<name>fire</name>
		<pose>Unspecified</pose>
		<truncated>Unspecified</truncated>
		<difficult>Unspecified</difficult>
		<bndbox>
			<xmin>340</xmin>
			<ymin>214</ymin>
			<xmax>371</xmax>
			<ymax>303</ymax>
		</bndbox>
	</object>
</annotation>