<annotation>
	<folder>my-project-name</folder>
	<filename>instadat116.jpg</filename>
	<path>/my-project-name/instadat116.jpg</path>
	<source>
		<database>Unspecified</database>
	</source>
	<size>
		<width>640</width>
		<height>1138</height>
		<depth>3</depth>
	</size>
	<object>
		<name>smoke</name>
		<pose>Unspecified</pose>
		<truncated>Unspecified</truncated>
		<difficult>Unspecified</difficult>
		<bndbox>
			<xmin>170</xmin>
			<ymin>460</ymin>
			<xmax>267</xmax>
			<ymax>697</ymax>
		</bndbox>
	</object>
	<object>
		<name>smoke</name>
		<pose>Unspecified</pose>
		<truncated>Unspecified</truncated>
		<difficult>Unspecified</difficult>
		<bndbox>
			<xmin>315</xmin>
			<ymin>676</ymin>
			<xmax>451</xmax>
			<ymax>898</ymax>
		</bndbox>
	</object>
</annotation>