<annotation>
	<folder>my-project-name</folder>
	<filename>newsHuman125.jpg</filename>
	<path>/my-project-name/newsHuman125.jpg</path>
	<source>
		<database>Unspecified</database>
	</source>
	<size>
		<width>1920</width>
		<height>1080</height>
		<depth>3</depth>
	</size>
	<object>
		<name>fire</name>
		<pose>Unspecified</pose>
		<truncated>Unspecified</truncated>
		<difficult>Unspecified</difficult>
		<bndbox>
			<xmin>1068</xmin>
			<ymin>260</ymin>
			<xmax>1223</xmax>
			<ymax>308</ymax>
		</bndbox>
	</object>
	<object>
		<name>fire</name>
		<pose>Unspecified</pose>
		<truncated>Unspecified</truncated>
		<difficult>Unspecified</difficult>
		<bndbox>
			<xmin>1555</xmin>
			<ymin>268</ymin>
			<xmax>1705</xmax>
			<ymax>305</ymax>
		</bndbox>
	</object>
	<object>
		<name>fire</name>
		<pose>Unspecified</pose>
		<truncated>Unspecified</truncated>
		<difficult>Unspecified</difficult>
		<bndbox>
			<xmin>1764</xmin>
			<ymin>254</ymin>
			<xmax>1835</xmax>
			<ymax>308</ymax>
		</bndbox>
	</object>
</annotation>