<annotation>
	<folder>my-project-name</folder>
	<filename>newsHuman16.jpg</filename>
	<path>/my-project-name/newsHuman16.jpg</path>
	<source>
		<database>Unspecified</database>
	</source>
	<size>
		<width>1920</width>
		<height>1080</height>
		<depth>3</depth>
	</size>
	<object>
		<name>fire</name>
		<pose>Unspecified</pose>
		<truncated>Unspecified</truncated>
		<difficult>Unspecified</difficult>
		<bndbox>
			<xmin>278</xmin>
			<ymin>492</ymin>
			<xmax>898</xmax>
			<ymax>741</ymax>
		</bndbox>
	</object>
	<object>
		<name>fire</name>
		<pose>Unspecified</pose>
		<truncated>Unspecified</truncated>
		<difficult>Unspecified</difficult>
		<bndbox>
			<xmin>804</xmin>
			<ymin>362</ymin>
			<xmax>1215</xmax>
			<ymax>537</ymax>
		</bndbox>
	</object>
	<object>
		<name>fire</name>
		<pose>Unspecified</pose>
		<truncated>Unspecified</truncated>
		<difficult>Unspecified</difficult>
		<bndbox>
			<xmin>1204</xmin>
			<ymin>328</ymin>
			<xmax>1487</xmax>
			<ymax>452</ymax>
		</bndbox>
	</object>
	<object>
		<name>fire</name>
		<pose>Unspecified</pose>
		<truncated>Unspecified</truncated>
		<difficult>Unspecified</difficult>
		<bndbox>
			<xmin>1461</xmin>
			<ymin>257</ymin>
			<xmax>1662</xmax>
			<ymax>367</ymax>
		</bndbox>
	</object>
	<object>
		<name>fire</name>
		<pose>Unspecified</pose>
		<truncated>Unspecified</truncated>
		<difficult>Unspecified</difficult>
		<bndbox>
			<xmin>1617</xmin>
			<ymin>149</ymin>
			<xmax>1804</xmax>
			<ymax>237</ymax>
		</bndbox>
	</object>
	<object>
		<name>fire</name>
		<pose>Unspecified</pose>
		<truncated>Unspecified</truncated>
		<difficult>Unspecified</difficult>
		<bndbox>
			<xmin>1756</xmin>
			<ymin>13</ymin>
			<xmax>1920</xmax>
			<ymax>161</ymax>
		</bndbox>
	</object>
</annotation>