<annotation>
	<folder>my-project-name</folder>
	<filename>newsHuman2.jpg</filename>
	<path>/my-project-name/newsHuman2.jpg</path>
	<source>
		<database>Unspecified</database>
	</source>
	<size>
		<width>1920</width>
		<height>1080</height>
		<depth>3</depth>
	</size>
	<object>
		<name>fire</name>
		<pose>Unspecified</pose>
		<truncated>Unspecified</truncated>
		<difficult>Unspecified</difficult>
		<bndbox>
			<xmin>731</xmin>
			<ymin>407</ymin>
			<xmax>943</xmax>
			<ymax>500</ymax>
		</bndbox>
	</object>
	<object>
		<name>fire</name>
		<pose>Unspecified</pose>
		<truncated>Unspecified</truncated>
		<difficult>Unspecified</difficult>
		<bndbox>
			<xmin>1277</xmin>
			<ymin>396</ymin>
			<xmax>1708</xmax>
			<ymax>489</ymax>
		</bndbox>
	</object>
	<object>
		<name>fire</name>
		<pose>Unspecified</pose>
		<truncated>Unspecified</truncated>
		<difficult>Unspecified</difficult>
		<bndbox>
			<xmin>1090</xmin>
			<ymin>430</ymin>
			<xmax>1209</xmax>
			<ymax>481</ymax>
		</bndbox>
	</object>
	<object>
		<name>smoke</name>
		<pose>Unspecified</pose>
		<truncated>Unspecified</truncated>
		<difficult>Unspecified</difficult>
		<bndbox>
			<xmin>855</xmin>
			<ymin>271</ymin>
			<xmax>994</xmax>
			<ymax>373</ymax>
		</bndbox>
	</object>
</annotation>