<annotation>
	<folder>my-project-name</folder>
	<filename>newsHuman132.jpg</filename>
	<path>/my-project-name/newsHuman132.jpg</path>
	<source>
		<database>Unspecified</database>
	</source>
	<size>
		<width>1920</width>
		<height>1080</height>
		<depth>3</depth>
	</size>
	<object>
		<name>fire</name>
		<pose>Unspecified</pose>
		<truncated>Unspecified</truncated>
		<difficult>Unspecified</difficult>
		<bndbox>
			<xmin>161</xmin>
			<ymin>648</ymin>
			<xmax>408</xmax>
			<ymax>928</ymax>
		</bndbox>
	</object>
	<object>
		<name>fire</name>
		<pose>Unspecified</pose>
		<truncated>Unspecified</truncated>
		<difficult>Unspecified</difficult>
		<bndbox>
			<xmin>422</xmin>
			<ymin>639</ymin>
			<xmax>699</xmax>
			<ymax>902</ymax>
		</bndbox>
	</object>
	<object>
		<name>fire</name>
		<pose>Unspecified</pose>
		<truncated>Unspecified</truncated>
		<difficult>Unspecified</difficult>
		<bndbox>
			<xmin>719</xmin>
			<ymin>594</ymin>
			<xmax>1002</xmax>
			<ymax>928</ymax>
		</bndbox>
	</object>
	<object>
		<name>fire</name>
		<pose>Unspecified</pose>
		<truncated>Unspecified</truncated>
		<difficult>Unspecified</difficult>
		<bndbox>
			<xmin>1031</xmin>
			<ymin>633</ymin>
			<xmax>1320</xmax>
			<ymax>908</ymax>
		</bndbox>
	</object>
	<object>
		<name>fire</name>
		<pose>Unspecified</pose>
		<truncated>Unspecified</truncated>
		<difficult>Unspecified</difficult>
		<bndbox>
			<xmin>1362</xmin>
			<ymin>631</ymin>
			<xmax>1778</xmax>
			<ymax>891</ymax>
		</bndbox>
	</object>
</annotation>