<annotation>
	<folder>my-project-name</folder>
	<filename>newsHuman76.jpg</filename>
	<path>/my-project-name/newsHuman76.jpg</path>
	<source>
		<database>Unspecified</database>
	</source>
	<size>
		<width>1920</width>
		<height>1080</height>
		<depth>3</depth>
	</size>
	<object>
		<name>fire</name>
		<pose>Unspecified</pose>
		<truncated>Unspecified</truncated>
		<difficult>Unspecified</difficult>
		<bndbox>
			<xmin>338</xmin>
			<ymin>346</ymin>
			<xmax>442</xmax>
			<ymax>369</ymax>
		</bndbox>
	</object>
	<object>
		<name>fire</name>
		<pose>Unspecified</pose>
		<truncated>Unspecified</truncated>
		<difficult>Unspecified</difficult>
		<bndbox>
			<xmin>1546</xmin>
			<ymin>254</ymin>
			<xmax>1692</xmax>
			<ymax>297</ymax>
		</bndbox>
	</object>
</annotation>