<annotation>
	<folder>my-project-name</folder>
	<filename>newsHuman68.jpg</filename>
	<path>/my-project-name/newsHuman68.jpg</path>
	<source>
		<database>Unspecified</database>
	</source>
	<size>
		<width>1920</width>
		<height>1080</height>
		<depth>3</depth>
	</size>
	<object>
		<name>smoke</name>
		<pose>Unspecified</pose>
		<truncated>Unspecified</truncated>
		<difficult>Unspecified</difficult>
		<bndbox>
			<xmin>1107</xmin>
			<ymin>22</ymin>
			<xmax>1450</xmax>
			<ymax>444</ymax>
		</bndbox>
	</object>
	<object>
		<name>fire</name>
		<pose>Unspecified</pose>
		<truncated>Unspecified</truncated>
		<difficult>Unspecified</difficult>
		<bndbox>
			<xmin>439</xmin>
			<ymin>554</ymin>
			<xmax>549</xmax>
			<ymax>608</ymax>
		</bndbox>
	</object>
	<object>
		<name>fire</name>
		<pose>Unspecified</pose>
		<truncated>Unspecified</truncated>
		<difficult>Unspecified</difficult>
		<bndbox>
			<xmin>937</xmin>
			<ymin>701</ymin>
			<xmax>1002</xmax>
			<ymax>755</ymax>
		</bndbox>
	</object>
	<object>
		<name>fire</name>
		<pose>Unspecified</pose>
		<truncated>Unspecified</truncated>
		<difficult>Unspecified</difficult>
		<bndbox>
			<xmin>985</xmin>
			<ymin>659</ymin>
			<xmax>1096</xmax>
			<ymax>727</ymax>
		</bndbox>
	</object>
	<object>
		<name>fire</name>
		<pose>Unspecified</pose>
		<truncated>Unspecified</truncated>
		<difficult>Unspecified</difficult>
		<bndbox>
			<xmin>331</xmin>
			<ymin>605</ymin>
			<xmax>399</xmax>
			<ymax>650</ymax>
		</bndbox>
	</object>
	<object>
		<name>fire</name>
		<pose>Unspecified</pose>
		<truncated>Unspecified</truncated>
		<difficult>Unspecified</difficult>
		<bndbox>
			<xmin>674</xmin>
			<ymin>735</ymin>
			<xmax>801</xmax>
			<ymax>786</ymax>
		</bndbox>
	</object>
	<object>
		<name>fire</name>
		<pose>Unspecified</pose>
		<truncated>Unspecified</truncated>
		<difficult>Unspecified</difficult>
		<bndbox>
			<xmin>1155</xmin>
			<ymin>449</ymin>
			<xmax>1532</xmax>
			<ymax>619</ymax>
		</bndbox>
	</object>
	<object>
		<name>fire</name>
		<pose>Unspecified</pose>
		<truncated>Unspecified</truncated>
		<difficult>Unspecified</difficult>
		<bndbox>
			<xmin>1461</xmin>
			<ymin>373</ymin>
			<xmax>1744</xmax>
			<ymax>568</ymax>
		</bndbox>
	</object>
	<object>
		<name>fire</name>
		<pose>Unspecified</pose>
		<truncated>Unspecified</truncated>
		<difficult>Unspecified</difficult>
		<bndbox>
			<xmin>1773</xmin>
			<ymin>387</ymin>
			<xmax>1917</xmax>
			<ymax>529</ymax>
		</bndbox>
	</object>
</annotation>