<annotation>
	<folder>my-project-name</folder>
	<filename>newsHuman6.jpg</filename>
	<path>/my-project-name/newsHuman6.jpg</path>
	<source>
		<database>Unspecified</database>
	</source>
	<size>
		<width>1920</width>
		<height>1080</height>
		<depth>3</depth>
	</size>
	<object>
		<name>fire</name>
		<pose>Unspecified</pose>
		<truncated>Unspecified</truncated>
		<difficult>Unspecified</difficult>
		<bndbox>
			<xmin>1124</xmin>
			<ymin>475</ymin>
			<xmax>1498</xmax>
			<ymax>591</ymax>
		</bndbox>
	</object>
	<object>
		<name>fire</name>
		<pose>Unspecified</pose>
		<truncated>Unspecified</truncated>
		<difficult>Unspecified</difficult>
		<bndbox>
			<xmin>946</xmin>
			<ymin>464</ymin>
			<xmax>1028</xmax>
			<ymax>557</ymax>
		</bndbox>
	</object>
</annotation>