<annotation>
	<folder>my-project-name</folder>
	<filename>newsHuman5.jpg</filename>
	<path>/my-project-name/newsHuman5.jpg</path>
	<source>
		<database>Unspecified</database>
	</source>
	<size>
		<width>1920</width>
		<height>1080</height>
		<depth>3</depth>
	</size>
	<object>
		<name>fire</name>
		<pose>Unspecified</pose>
		<truncated>Unspecified</truncated>
		<difficult>Unspecified</difficult>
		<bndbox>
			<xmin>1172</xmin>
			<ymin>424</ymin>
			<xmax>1407</xmax>
			<ymax>591</ymax>
		</bndbox>
	</object>
	<object>
		<name>fire</name>
		<pose>Unspecified</pose>
		<truncated>Unspecified</truncated>
		<difficult>Unspecified</difficult>
		<bndbox>
			<xmin>1017</xmin>
			<ymin>532</ymin>
			<xmax>1068</xmax>
			<ymax>585</ymax>
		</bndbox>
	</object>
</annotation>