<annotation>
	<folder>my-project-name</folder>
	<filename>newsHuman43.jpg</filename>
	<path>/my-project-name/newsHuman43.jpg</path>
	<source>
		<database>Unspecified</database>
	</source>
	<size>
		<width>1920</width>
		<height>1080</height>
		<depth>3</depth>
	</size>
	<object>
		<name>fire</name>
		<pose>Unspecified</pose>
		<truncated>Unspecified</truncated>
		<difficult>Unspecified</difficult>
		<bndbox>
			<xmin>496</xmin>
			<ymin>693</ymin>
			<xmax>852</xmax>
			<ymax>826</ymax>
		</bndbox>
	</object>
	<object>
		<name>fire</name>
		<pose>Unspecified</pose>
		<truncated>Unspecified</truncated>
		<difficult>Unspecified</difficult>
		<bndbox>
			<xmin>813</xmin>
			<ymin>597</ymin>
			<xmax>920</xmax>
			<ymax>690</ymax>
		</bndbox>
	</object>
	<object>
		<name>fire</name>
		<pose>Unspecified</pose>
		<truncated>Unspecified</truncated>
		<difficult>Unspecified</difficult>
		<bndbox>
			<xmin>1002</xmin>
			<ymin>733</ymin>
			<xmax>1195</xmax>
			<ymax>812</ymax>
		</bndbox>
	</object>
	<object>
		<name>fire</name>
		<pose>Unspecified</pose>
		<truncated>Unspecified</truncated>
		<difficult>Unspecified</difficult>
		<bndbox>
			<xmin>1246</xmin>
			<ymin>633</ymin>
			<xmax>1441</xmax>
			<ymax>860</ymax>
		</bndbox>
	</object>
	<object>
		<name>fire</name>
		<pose>Unspecified</pose>
		<truncated>Unspecified</truncated>
		<difficult>Unspecified</difficult>
		<bndbox>
			<xmin>1487</xmin>
			<ymin>699</ymin>
			<xmax>1920</xmax>
			<ymax>786</ymax>
		</bndbox>
	</object>
	<object>
		<name>fire</name>
		<pose>Unspecified</pose>
		<truncated>Unspecified</truncated>
		<difficult>Unspecified</difficult>
		<bndbox>
			<xmin>1076</xmin>
			<ymin>427</ymin>
			<xmax>1255</xmax>
			<ymax>577</ymax>
		</bndbox>
	</object>
	<object>
		<name>fire</name>
		<pose>Unspecified</pose>
		<truncated>Unspecified</truncated>
		<difficult>Unspecified</difficult>
		<bndbox>
			<xmin>813</xmin>
			<ymin>506</ymin>
			<xmax>960</xmax>
			<ymax>585</ymax>
		</bndbox>
	</object>
	<object>
		<name>fire</name>
		<pose>Unspecified</pose>
		<truncated>Unspecified</truncated>
		<difficult>Unspecified</difficult>
		<bndbox>
			<xmin>1676</xmin>
			<ymin>608</ymin>
			<xmax>1716</xmax>
			<ymax>650</ymax>
		</bndbox>
	</object>
</annotation>