<annotation>
	<folder>my-project-name</folder>
	<filename>newsHuman72.jpg</filename>
	<path>/my-project-name/newsHuman72.jpg</path>
	<source>
		<database>Unspecified</database>
	</source>
	<size>
		<width>1920</width>
		<height>1080</height>
		<depth>3</depth>
	</size>
	<object>
		<name>fire</name>
		<pose>Unspecified</pose>
		<truncated>Unspecified</truncated>
		<difficult>Unspecified</difficult>
		<bndbox>
			<xmin>1538</xmin>
			<ymin>421</ymin>
			<xmax>1897</xmax>
			<ymax>582</ymax>
		</bndbox>
	</object>
	<object>
		<name>fire</name>
		<pose>Unspecified</pose>
		<truncated>Unspecified</truncated>
		<difficult>Unspecified</difficult>
		<bndbox>
			<xmin>1212</xmin>
			<ymin>430</ymin>
			<xmax>1368</xmax>
			<ymax>565</ymax>
		</bndbox>
	</object>
	<object>
		<name>fire</name>
		<pose>Unspecified</pose>
		<truncated>Unspecified</truncated>
		<difficult>Unspecified</difficult>
		<bndbox>
			<xmin>371</xmin>
			<ymin>614</ymin>
			<xmax>428</xmax>
			<ymax>670</ymax>
		</bndbox>
	</object>
	<object>
		<name>fire</name>
		<pose>Unspecified</pose>
		<truncated>Unspecified</truncated>
		<difficult>Unspecified</difficult>
		<bndbox>
			<xmin>490</xmin>
			<ymin>574</ymin>
			<xmax>541</xmax>
			<ymax>619</ymax>
		</bndbox>
	</object>
	<object>
		<name>fire</name>
		<pose>Unspecified</pose>
		<truncated>Unspecified</truncated>
		<difficult>Unspecified</difficult>
		<bndbox>
			<xmin>949</xmin>
			<ymin>713</ymin>
			<xmax>1048</xmax>
			<ymax>769</ymax>
		</bndbox>
	</object>
</annotation>