<annotation>
	<folder>my-project-name</folder>
	<filename>newsHuman79.jpg</filename>
	<path>/my-project-name/newsHuman79.jpg</path>
	<source>
		<database>Unspecified</database>
	</source>
	<size>
		<width>1920</width>
		<height>1080</height>
		<depth>3</depth>
	</size>
	<object>
		<name>fire</name>
		<pose>Unspecified</pose>
		<truncated>Unspecified</truncated>
		<difficult>Unspecified</difficult>
		<bndbox>
			<xmin>1172</xmin>
			<ymin>237</ymin>
			<xmax>1538</xmax>
			<ymax>322</ymax>
		</bndbox>
	</object>
	<object>
		<name>fire</name>
		<pose>Unspecified</pose>
		<truncated>Unspecified</truncated>
		<difficult>Unspecified</difficult>
		<bndbox>
			<xmin>1759</xmin>
			<ymin>240</ymin>
			<xmax>1920</xmax>
			<ymax>299</ymax>
		</bndbox>
	</object>
</annotation>