<annotation>
	<folder>my-project-name</folder>
	<filename>newsHuman10.jpg</filename>
	<path>/my-project-name/newsHuman10.jpg</path>
	<source>
		<database>Unspecified</database>
	</source>
	<size>
		<width>1920</width>
		<height>1080</height>
		<depth>3</depth>
	</size>
	<object>
		<name>fire</name>
		<pose>Unspecified</pose>
		<truncated>Unspecified</truncated>
		<difficult>Unspecified</difficult>
		<bndbox>
			<xmin>371</xmin>
			<ymin>415</ymin>
			<xmax>759</xmax>
			<ymax>642</ymax>
		</bndbox>
	</object>
	<object>
		<name>fire</name>
		<pose>Unspecified</pose>
		<truncated>Unspecified</truncated>
		<difficult>Unspecified</difficult>
		<bndbox>
			<xmin>1124</xmin>
			<ymin>345</ymin>
			<xmax>1272</xmax>
			<ymax>447</ymax>
		</bndbox>
	</object>
	<object>
		<name>fire</name>
		<pose>Unspecified</pose>
		<truncated>Unspecified</truncated>
		<difficult>Unspecified</difficult>
		<bndbox>
			<xmin>1339</xmin>
			<ymin>217</ymin>
			<xmax>1558</xmax>
			<ymax>353</ymax>
		</bndbox>
	</object>
	<object>
		<name>fire</name>
		<pose>Unspecified</pose>
		<truncated>Unspecified</truncated>
		<difficult>Unspecified</difficult>
		<bndbox>
			<xmin>1637</xmin>
			<ymin>0</ymin>
			<xmax>1866</xmax>
			<ymax>251</ymax>
		</bndbox>
	</object>
	<object>
		<name>fire</name>
		<pose>Unspecified</pose>
		<truncated>Unspecified</truncated>
		<difficult>Unspecified</difficult>
		<bndbox>
			<xmin>889</xmin>
			<ymin>353</ymin>
			<xmax>1031</xmax>
			<ymax>503</ymax>
		</bndbox>
	</object>
</annotation>