<annotation>
	<folder>my-project-name</folder>
	<filename>newsHuman4.jpg</filename>
	<path>/my-project-name/newsHuman4.jpg</path>
	<source>
		<database>Unspecified</database>
	</source>
	<size>
		<width>1920</width>
		<height>1080</height>
		<depth>3</depth>
	</size>
	<object>
		<name>fire</name>
		<pose>Unspecified</pose>
		<truncated>Unspecified</truncated>
		<difficult>Unspecified</difficult>
		<bndbox>
			<xmin>360</xmin>
			<ymin>169</ymin>
			<xmax>1229</xmax>
			<ymax>257</ymax>
		</bndbox>
	</object>
	<object>
		<name>fire</name>
		<pose>Unspecified</pose>
		<truncated>Unspecified</truncated>
		<difficult>Unspecified</difficult>
		<bndbox>
			<xmin>1490</xmin>
			<ymin>76</ymin>
			<xmax>1920</xmax>
			<ymax>226</ymax>
		</bndbox>
	</object>
	<object>
		<name>fire</name>
		<pose>Unspecified</pose>
		<truncated>Unspecified</truncated>
		<difficult>Unspecified</difficult>
		<bndbox>
			<xmin>1345</xmin>
			<ymin>200</ymin>
			<xmax>1419</xmax>
			<ymax>228</ymax>
		</bndbox>
	</object>
</annotation>