<annotation>
	<folder>my-project-name</folder>
	<filename>newsHuman41.jpg</filename>
	<path>/my-project-name/newsHuman41.jpg</path>
	<source>
		<database>Unspecified</database>
	</source>
	<size>
		<width>1920</width>
		<height>1080</height>
		<depth>3</depth>
	</size>
	<object>
		<name>fire</name>
		<pose>Unspecified</pose>
		<truncated>Unspecified</truncated>
		<difficult>Unspecified</difficult>
		<bndbox>
			<xmin>479</xmin>
			<ymin>509</ymin>
			<xmax>586</xmax>
			<ymax>565</ymax>
		</bndbox>
	</object>
	<object>
		<name>fire</name>
		<pose>Unspecified</pose>
		<truncated>Unspecified</truncated>
		<difficult>Unspecified</difficult>
		<bndbox>
			<xmin>634</xmin>
			<ymin>495</ymin>
			<xmax>1255</xmax>
			<ymax>557</ymax>
		</bndbox>
	</object>
	<object>
		<name>fire</name>
		<pose>Unspecified</pose>
		<truncated>Unspecified</truncated>
		<difficult>Unspecified</difficult>
		<bndbox>
			<xmin>1790</xmin>
			<ymin>424</ymin>
			<xmax>1914</xmax>
			<ymax>534</ymax>
		</bndbox>
	</object>
	<object>
		<name>fire</name>
		<pose>Unspecified</pose>
		<truncated>Unspecified</truncated>
		<difficult>Unspecified</difficult>
		<bndbox>
			<xmin>1346</xmin>
			<ymin>478</ymin>
			<xmax>1374</xmax>
			<ymax>501</ymax>
		</bndbox>
	</object>
</annotation>