<annotation>
	<folder>my-project-name</folder>
	<filename>newsHuman65.jpg</filename>
	<path>/my-project-name/newsHuman65.jpg</path>
	<source>
		<database>Unspecified</database>
	</source>
	<size>
		<width>1920</width>
		<height>1080</height>
		<depth>3</depth>
	</size>
	<object>
		<name>fire</name>
		<pose>Unspecified</pose>
		<truncated>Unspecified</truncated>
		<difficult>Unspecified</difficult>
		<bndbox>
			<xmin>923</xmin>
			<ymin>699</ymin>
			<xmax>1920</xmax>
			<ymax>744</ymax>
		</bndbox>
	</object>
	<object>
		<name>smoke</name>
		<pose>Unspecified</pose>
		<truncated>Unspecified</truncated>
		<difficult>Unspecified</difficult>
		<bndbox>
			<xmin>1059</xmin>
			<ymin>384</ymin>
			<xmax>1861</xmax>
			<ymax>665</ymax>
		</bndbox>
	</object>
</annotation>