<annotation>
	<folder>my-project-name</folder>
	<filename>newsHuman112.jpg</filename>
	<path>/my-project-name/newsHuman112.jpg</path>
	<source>
		<database>Unspecified</database>
	</source>
	<size>
		<width>1920</width>
		<height>1080</height>
		<depth>3</depth>
	</size>
	<object>
		<name>fire</name>
		<pose>Unspecified</pose>
		<truncated>Unspecified</truncated>
		<difficult>Unspecified</difficult>
		<bndbox>
			<xmin>8</xmin>
			<ymin>478</ymin>
			<xmax>736</xmax>
			<ymax>577</ymax>
		</bndbox>
	</object>
	<object>
		<name>fire</name>
		<pose>Unspecified</pose>
		<truncated>Unspecified</truncated>
		<difficult>Unspecified</difficult>
		<bndbox>
			<xmin>818</xmin>
			<ymin>509</ymin>
			<xmax>878</xmax>
			<ymax>574</ymax>
		</bndbox>
	</object>
	<object>
		<name>fire</name>
		<pose>Unspecified</pose>
		<truncated>Unspecified</truncated>
		<difficult>Unspecified</difficult>
		<bndbox>
			<xmin>1243</xmin>
			<ymin>515</ymin>
			<xmax>1880</xmax>
			<ymax>577</ymax>
		</bndbox>
	</object>
</annotation>