<annotation>
	<folder>my-project-name</folder>
	<filename>outhome4.jpg</filename>
	<path>/my-project-name/outhome4.jpg</path>
	<source>
		<database>Unspecified</database>
	</source>
	<size>
		<width>1920</width>
		<height>1080</height>
		<depth>3</depth>
	</size>
	<object>
		<name>smoke</name>
		<pose>Unspecified</pose>
		<truncated>Unspecified</truncated>
		<difficult>Unspecified</difficult>
		<bndbox>
			<xmin>1384</xmin>
			<ymin>25</ymin>
			<xmax>1920</xmax>
			<ymax>292</ymax>
		</bndbox>
	</object>
</annotation>