<annotation>
	<folder>my-project-name</folder>
	<filename>outhome1.jpg</filename>
	<path>/my-project-name/outhome1.jpg</path>
	<source>
		<database>Unspecified</database>
	</source>
	<size>
		<width>1920</width>
		<height>1080</height>
		<depth>3</depth>
	</size>
	<object>
		<name>fire</name>
		<pose>Unspecified</pose>
		<truncated>Unspecified</truncated>
		<difficult>Unspecified</difficult>
		<bndbox>
			<xmin>974</xmin>
			<ymin>127</ymin>
			<xmax>1178</xmax>
			<ymax>245</ymax>
		</bndbox>
	</object>
	<object>
		<name>smoke</name>
		<pose>Unspecified</pose>
		<truncated>Unspecified</truncated>
		<difficult>Unspecified</difficult>
		<bndbox>
			<xmin>309</xmin>
			<ymin>0</ymin>
			<xmax>909</xmax>
			<ymax>214</ymax>
		</bndbox>
	</object>
	<object>
		<name>smoke</name>
		<pose>Unspecified</pose>
		<truncated>Unspecified</truncated>
		<difficult>Unspecified</difficult>
		<bndbox>
			<xmin>1079</xmin>
			<ymin>0</ymin>
			<xmax>1484</xmax>
			<ymax>175</ymax>
		</bndbox>
	</object>
</annotation>