<annotation>
	<folder>my-project-name</folder>
	<filename>outhome5.jpg</filename>
	<path>/my-project-name/outhome5.jpg</path>
	<source>
		<database>Unspecified</database>
	</source>
	<size>
		<width>1920</width>
		<height>1080</height>
		<depth>3</depth>
	</size>
	<object>
		<name>smoke</name>
		<pose>Unspecified</pose>
		<truncated>Unspecified</truncated>
		<difficult>Unspecified</difficult>
		<bndbox>
			<xmin>449</xmin>
			<ymin>28</ymin>
			<xmax>711</xmax>
			<ymax>347</ymax>
		</bndbox>
	</object>
	<object>
		<name>fire</name>
		<pose>Unspecified</pose>
		<truncated>Unspecified</truncated>
		<difficult>Unspecified</difficult>
		<bndbox>
			<xmin>1005</xmin>
			<ymin>448</ymin>
			<xmax>1058</xmax>
			<ymax>524</ymax>
		</bndbox>
	</object>
</annotation>