<annotation>
	<folder>my-project-name</folder>
	<filename>outhome30.jpg</filename>
	<path>/my-project-name/outhome30.jpg</path>
	<source>
		<database>Unspecified</database>
	</source>
	<size>
		<width>1920</width>
		<height>1080</height>
		<depth>3</depth>
	</size>
	<object>
		<name>smoke</name>
		<pose>Unspecified</pose>
		<truncated>Unspecified</truncated>
		<difficult>Unspecified</difficult>
		<bndbox>
			<xmin>1336</xmin>
			<ymin>11</ymin>
			<xmax>1920</xmax>
			<ymax>232</ymax>
		</bndbox>
	</object>
	<object>
		<name>fire</name>
		<pose>Unspecified</pose>
		<truncated>Unspecified</truncated>
		<difficult>Unspecified</difficult>
		<bndbox>
			<xmin>1644</xmin>
			<ymin>331</ymin>
			<xmax>1920</xmax>
			<ymax>648</ymax>
		</bndbox>
	</object>
</annotation>