<annotation>
	<folder>my-project-name</folder>
	<filename>outhome23.jpg</filename>
	<path>/my-project-name/outhome23.jpg</path>
	<source>
		<database>Unspecified</database>
	</source>
	<size>
		<width>1920</width>
		<height>1080</height>
		<depth>3</depth>
	</size>
	<object>
		<name>fire</name>
		<pose>Unspecified</pose>
		<truncated>Unspecified</truncated>
		<difficult>Unspecified</difficult>
		<bndbox>
			<xmin>996</xmin>
			<ymin>448</ymin>
			<xmax>1241</xmax>
			<ymax>616</ymax>
		</bndbox>
	</object>
	<object>
		<name>fire</name>
		<pose>Unspecified</pose>
		<truncated>Unspecified</truncated>
		<difficult>Unspecified</difficult>
		<bndbox>
			<xmin>1216</xmin>
			<ymin>689</ymin>
			<xmax>1320</xmax>
			<ymax>756</ymax>
		</bndbox>
	</object>
	<object>
		<name>fire</name>
		<pose>Unspecified</pose>
		<truncated>Unspecified</truncated>
		<difficult>Unspecified</difficult>
		<bndbox>
			<xmin>1552</xmin>
			<ymin>655</ymin>
			<xmax>1621</xmax>
			<ymax>735</ymax>
		</bndbox>
	</object>
	<object>
		<name>fire</name>
		<pose>Unspecified</pose>
		<truncated>Unspecified</truncated>
		<difficult>Unspecified</difficult>
		<bndbox>
			<xmin>1759</xmin>
			<ymin>678</ymin>
			<xmax>1802</xmax>
			<ymax>717</ymax>
		</bndbox>
	</object>
	<object>
		<name>fire</name>
		<pose>Unspecified</pose>
		<truncated>Unspecified</truncated>
		<difficult>Unspecified</difficult>
		<bndbox>
			<xmin>1598</xmin>
			<ymin>423</ymin>
			<xmax>1786</xmax>
			<ymax>487</ymax>
		</bndbox>
	</object>
	<object>
		<name>fire</name>
		<pose>Unspecified</pose>
		<truncated>Unspecified</truncated>
		<difficult>Unspecified</difficult>
		<bndbox>
			<xmin>1664</xmin>
			<ymin>227</ymin>
			<xmax>1742</xmax>
			<ymax>299</ymax>
		</bndbox>
	</object>
	<object>
		<name>fire</name>
		<pose>Unspecified</pose>
		<truncated>Unspecified</truncated>
		<difficult>Unspecified</difficult>
		<bndbox>
			<xmin>327</xmin>
			<ymin>67</ymin>
			<xmax>1582</xmax>
			<ymax>551</ymax>
		</bndbox>
	</object>
	<object>
		<name>smoke</name>
		<pose>Unspecified</pose>
		<truncated>Unspecified</truncated>
		<difficult>Unspecified</difficult>
		<bndbox>
			<xmin>24</xmin>
			<ymin>76</ymin>
			<xmax>279</xmax>
			<ymax>453</ymax>
		</bndbox>
	</object>
</annotation>