<annotation>
	<folder>my-project-name</folder>
	<filename>outhome17.jpg</filename>
	<path>/my-project-name/outhome17.jpg</path>
	<source>
		<database>Unspecified</database>
	</source>
	<size>
		<width>1920</width>
		<height>1080</height>
		<depth>3</depth>
	</size>
	<object>
		<name>fire</name>
		<pose>Unspecified</pose>
		<truncated>Unspecified</truncated>
		<difficult>Unspecified</difficult>
		<bndbox>
			<xmin>782</xmin>
			<ymin>16</ymin>
			<xmax>1685</xmax>
			<ymax>492</ymax>
		</bndbox>
	</object>
	<object>
		<name>fire</name>
		<pose>Unspecified</pose>
		<truncated>Unspecified</truncated>
		<difficult>Unspecified</difficult>
		<bndbox>
			<xmin>496</xmin>
			<ymin>364</ymin>
			<xmax>773</xmax>
			<ymax>455</ymax>
		</bndbox>
	</object>
	<object>
		<name>smoke</name>
		<pose>Unspecified</pose>
		<truncated>Unspecified</truncated>
		<difficult>Unspecified</difficult>
		<bndbox>
			<xmin>419</xmin>
			<ymin>47</ymin>
			<xmax>759</xmax>
			<ymax>339</ymax>
		</bndbox>
	</object>
	<object>
		<name>smoke</name>
		<pose>Unspecified</pose>
		<truncated>Unspecified</truncated>
		<difficult>Unspecified</difficult>
		<bndbox>
			<xmin>40</xmin>
			<ymin>265</ymin>
			<xmax>467</xmax>
			<ymax>523</ymax>
		</bndbox>
	</object>
</annotation>