<annotation>
	<folder>my-project-name</folder>
	<filename>outhome9.jpg</filename>
	<path>/my-project-name/outhome9.jpg</path>
	<source>
		<database>Unspecified</database>
	</source>
	<size>
		<width>1920</width>
		<height>1080</height>
		<depth>3</depth>
	</size>
	<object>
		<name>smoke</name>
		<pose>Unspecified</pose>
		<truncated>Unspecified</truncated>
		<difficult>Unspecified</difficult>
		<bndbox>
			<xmin>752</xmin>
			<ymin>0</ymin>
			<xmax>1577</xmax>
			<ymax>409</ymax>
		</bndbox>
	</object>
	<object>
		<name>fire</name>
		<pose>Unspecified</pose>
		<truncated>Unspecified</truncated>
		<difficult>Unspecified</difficult>
		<bndbox>
			<xmin>1464</xmin>
			<ymin>340</ymin>
			<xmax>1917</xmax>
			<ymax>554</ymax>
		</bndbox>
	</object>
</annotation>