<annotation>
	<folder>my-project-name</folder>
	<filename>outhome26.jpg</filename>
	<path>/my-project-name/outhome26.jpg</path>
	<source>
		<database>Unspecified</database>
	</source>
	<size>
		<width>1920</width>
		<height>1080</height>
		<depth>3</depth>
	</size>
	<object>
		<name>fire</name>
		<pose>Unspecified</pose>
		<truncated>Unspecified</truncated>
		<difficult>Unspecified</difficult>
		<bndbox>
			<xmin>1703</xmin>
			<ymin>172</ymin>
			<xmax>1915</xmax>
			<ymax>427</ymax>
		</bndbox>
	</object>
	<object>
		<name>smoke</name>
		<pose>Unspecified</pose>
		<truncated>Unspecified</truncated>
		<difficult>Unspecified</difficult>
		<bndbox>
			<xmin>1345</xmin>
			<ymin>30</ymin>
			<xmax>1807</xmax>
			<ymax>372</ymax>
		</bndbox>
	</object>
</annotation>