<annotation>
	<folder>my-project-name</folder>
	<filename>outhome6.jpg</filename>
	<path>/my-project-name/outhome6.jpg</path>
	<source>
		<database>Unspecified</database>
	</source>
	<size>
		<width>1920</width>
		<height>1080</height>
		<depth>3</depth>
	</size>
	<object>
		<name>smoke</name>
		<pose>Unspecified</pose>
		<truncated>Unspecified</truncated>
		<difficult>Unspecified</difficult>
		<bndbox>
			<xmin>178</xmin>
			<ymin>5</ymin>
			<xmax>589</xmax>
			<ymax>540</ymax>
		</bndbox>
	</object>
</annotation>