<annotation>
	<folder>my-project-name</folder>
	<filename>outhome7.jpg</filename>
	<path>/my-project-name/outhome7.jpg</path>
	<source>
		<database>Unspecified</database>
	</source>
	<size>
		<width>1920</width>
		<height>1080</height>
		<depth>3</depth>
	</size>
	<object>
		<name>smoke</name>
		<pose>Unspecified</pose>
		<truncated>Unspecified</truncated>
		<difficult>Unspecified</difficult>
		<bndbox>
			<xmin>582</xmin>
			<ymin>0</ymin>
			<xmax>1896</xmax>
			<ymax>388</ymax>
		</bndbox>
	</object>
</annotation>