<annotation>
	<folder>my-project-name</folder>
	<filename>outhome10.jpg</filename>
	<path>/my-project-name/outhome10.jpg</path>
	<source>
		<database>Unspecified</database>
	</source>
	<size>
		<width>1920</width>
		<height>1080</height>
		<depth>3</depth>
	</size>
	<object>
		<name>smoke</name>
		<pose>Unspecified</pose>
		<truncated>Unspecified</truncated>
		<difficult>Unspecified</difficult>
		<bndbox>
			<xmin>0</xmin>
			<ymin>16</ymin>
			<xmax>952</xmax>
			<ymax>452</ymax>
		</bndbox>
	</object>
	<object>
		<name>smoke</name>
		<pose>Unspecified</pose>
		<truncated>Unspecified</truncated>
		<difficult>Unspecified</difficult>
		<bndbox>
			<xmin>867</xmin>
			<ymin>0</ymin>
			<xmax>1501</xmax>
			<ymax>186</ymax>
		</bndbox>
	</object>
	<object>
		<name>fire</name>
		<pose>Unspecified</pose>
		<truncated>Unspecified</truncated>
		<difficult>Unspecified</difficult>
		<bndbox>
			<xmin>1019</xmin>
			<ymin>379</ymin>
			<xmax>1331</xmax>
			<ymax>543</ymax>
		</bndbox>
	</object>
</annotation>