<annotation>
	<folder>my-project-name</folder>
	<filename>outhome13.jpg</filename>
	<path>/my-project-name/outhome13.jpg</path>
	<source>
		<database>Unspecified</database>
	</source>
	<size>
		<width>1920</width>
		<height>1080</height>
		<depth>3</depth>
	</size>
	<object>
		<name>fire</name>
		<pose>Unspecified</pose>
		<truncated>Unspecified</truncated>
		<difficult>Unspecified</difficult>
		<bndbox>
			<xmin>1000</xmin>
			<ymin>195</ymin>
			<xmax>1164</xmax>
			<ymax>291</ymax>
		</bndbox>
	</object>
	<object>
		<name>fire</name>
		<pose>Unspecified</pose>
		<truncated>Unspecified</truncated>
		<difficult>Unspecified</difficult>
		<bndbox>
			<xmin>1518</xmin>
			<ymin>285</ymin>
			<xmax>1920</xmax>
			<ymax>551</ymax>
		</bndbox>
	</object>
	<object>
		<name>smoke</name>
		<pose>Unspecified</pose>
		<truncated>Unspecified</truncated>
		<difficult>Unspecified</difficult>
		<bndbox>
			<xmin>1025</xmin>
			<ymin>0</ymin>
			<xmax>1767</xmax>
			<ymax>217</ymax>
		</bndbox>
	</object>
	<object>
		<name>smoke</name>
		<pose>Unspecified</pose>
		<truncated>Unspecified</truncated>
		<difficult>Unspecified</difficult>
		<bndbox>
			<xmin>181</xmin>
			<ymin>214</ymin>
			<xmax>889</xmax>
			<ymax>438</ymax>
		</bndbox>
	</object>
</annotation>