<annotation>
	<folder>my-project-name</folder>
	<filename>outhome54.jpg</filename>
	<path>/my-project-name/outhome54.jpg</path>
	<source>
		<database>Unspecified</database>
	</source>
	<size>
		<width>1920</width>
		<height>1080</height>
		<depth>3</depth>
	</size>
	<object>
		<name>fire</name>
		<pose>Unspecified</pose>
		<truncated>Unspecified</truncated>
		<difficult>Unspecified</difficult>
		<bndbox>
			<xmin>888</xmin>
			<ymin>398</ymin>
			<xmax>1023</xmax>
			<ymax>494</ymax>
		</bndbox>
	</object>
	<object>
		<name>fire</name>
		<pose>Unspecified</pose>
		<truncated>Unspecified</truncated>
		<difficult>Unspecified</difficult>
		<bndbox>
			<xmin>805</xmin>
			<ymin>198</ymin>
			<xmax>915</xmax>
			<ymax>379</ymax>
		</bndbox>
	</object>
	<object>
		<name>smoke</name>
		<pose>Unspecified</pose>
		<truncated>Unspecified</truncated>
		<difficult>Unspecified</difficult>
		<bndbox>
			<xmin>897</xmin>
			<ymin>0</ymin>
			<xmax>1310</xmax>
			<ymax>205</ymax>
		</bndbox>
	</object>
</annotation>