<annotation>
	<folder>my-project-name</folder>
	<filename>outhome11.jpg</filename>
	<path>/my-project-name/outhome11.jpg</path>
	<source>
		<database>Unspecified</database>
	</source>
	<size>
		<width>1920</width>
		<height>1080</height>
		<depth>3</depth>
	</size>
	<object>
		<name>fire</name>
		<pose>Unspecified</pose>
		<truncated>Unspecified</truncated>
		<difficult>Unspecified</difficult>
		<bndbox>
			<xmin>1005</xmin>
			<ymin>328</ymin>
			<xmax>1456</xmax>
			<ymax>616</ymax>
		</bndbox>
	</object>
	<object>
		<name>smoke</name>
		<pose>Unspecified</pose>
		<truncated>Unspecified</truncated>
		<difficult>Unspecified</difficult>
		<bndbox>
			<xmin>0</xmin>
			<ymin>16</ymin>
			<xmax>971</xmax>
			<ymax>492</ymax>
		</bndbox>
	</object>
	<object>
		<name>smoke</name>
		<pose>Unspecified</pose>
		<truncated>Unspecified</truncated>
		<difficult>Unspecified</difficult>
		<bndbox>
			<xmin>971</xmin>
			<ymin>16</ymin>
			<xmax>1407</xmax>
			<ymax>274</ymax>
		</bndbox>
	</object>
</annotation>