<annotation>
	<folder>my-project-name</folder>
	<filename>outhome3.jpg</filename>
	<path>/my-project-name/outhome3.jpg</path>
	<source>
		<database>Unspecified</database>
	</source>
	<size>
		<width>1920</width>
		<height>1080</height>
		<depth>3</depth>
	</size>
	<object>
		<name>fire</name>
		<pose>Unspecified</pose>
		<truncated>Unspecified</truncated>
		<difficult>Unspecified</difficult>
		<bndbox>
			<xmin>1565</xmin>
			<ymin>421</ymin>
			<xmax>1699</xmax>
			<ymax>517</ymax>
		</bndbox>
	</object>
	<object>
		<name>smoke</name>
		<pose>Unspecified</pose>
		<truncated>Unspecified</truncated>
		<difficult>Unspecified</difficult>
		<bndbox>
			<xmin>713</xmin>
			<ymin>5</ymin>
			<xmax>1903</xmax>
			<ymax>508</ymax>
		</bndbox>
	</object>
</annotation>