<annotation>
	<folder>my-project-name</folder>
	<filename>outhome36.jpg</filename>
	<path>/my-project-name/outhome36.jpg</path>
	<source>
		<database>Unspecified</database>
	</source>
	<size>
		<width>1920</width>
		<height>1080</height>
		<depth>3</depth>
	</size>
	<object>
		<name>fire</name>
		<pose>Unspecified</pose>
		<truncated>Unspecified</truncated>
		<difficult>Unspecified</difficult>
		<bndbox>
			<xmin>564</xmin>
			<ymin>163</ymin>
			<xmax>1621</xmax>
			<ymax>669</ymax>
		</bndbox>
	</object>
	<object>
		<name>smoke</name>
		<pose>Unspecified</pose>
		<truncated>Unspecified</truncated>
		<difficult>Unspecified</difficult>
		<bndbox>
			<xmin>522</xmin>
			<ymin>0</ymin>
			<xmax>1906</xmax>
			<ymax>119</ymax>
		</bndbox>
	</object>
</annotation>