<annotation>
	<folder>my-project-name</folder>
	<filename>outhome12.jpg</filename>
	<path>/my-project-name/outhome12.jpg</path>
	<source>
		<database>Unspecified</database>
	</source>
	<size>
		<width>1920</width>
		<height>1080</height>
		<depth>3</depth>
	</size>
	<object>
		<name>fire</name>
		<pose>Unspecified</pose>
		<truncated>Unspecified</truncated>
		<difficult>Unspecified</difficult>
		<bndbox>
			<xmin>1297</xmin>
			<ymin>169</ymin>
			<xmax>1892</xmax>
			<ymax>478</ymax>
		</bndbox>
	</object>
	<object>
		<name>smoke</name>
		<pose>Unspecified</pose>
		<truncated>Unspecified</truncated>
		<difficult>Unspecified</difficult>
		<bndbox>
			<xmin>340</xmin>
			<ymin>0</ymin>
			<xmax>1246</xmax>
			<ymax>336</ymax>
		</bndbox>
	</object>
</annotation>