<annotation>
	<folder>my-project-name</folder>
	<filename>outhome2.jpg</filename>
	<path>/my-project-name/outhome2.jpg</path>
	<source>
		<database>Unspecified</database>
	</source>
	<size>
		<width>1920</width>
		<height>1080</height>
		<depth>3</depth>
	</size>
	<object>
		<name>fire</name>
		<pose>Unspecified</pose>
		<truncated>Unspecified</truncated>
		<difficult>Unspecified</difficult>
		<bndbox>
			<xmin>787</xmin>
			<ymin>424</ymin>
			<xmax>977</xmax>
			<ymax>548</ymax>
		</bndbox>
	</object>
	<object>
		<name>fire</name>
		<pose>Unspecified</pose>
		<truncated>Unspecified</truncated>
		<difficult>Unspecified</difficult>
		<bndbox>
			<xmin>1076</xmin>
			<ymin>520</ymin>
			<xmax>1116</xmax>
			<ymax>565</ymax>
		</bndbox>
	</object>
	<object>
		<name>smoke</name>
		<pose>Unspecified</pose>
		<truncated>Unspecified</truncated>
		<difficult>Unspecified</difficult>
		<bndbox>
			<xmin>411</xmin>
			<ymin>0</ymin>
			<xmax>1107</xmax>
			<ymax>311</ymax>
		</bndbox>
	</object>
</annotation>