<annotation>
	<folder>my-project-name</folder>
	<filename>outhome45.jpg</filename>
	<path>/my-project-name/outhome45.jpg</path>
	<source>
		<database>Unspecified</database>
	</source>
	<size>
		<width>1920</width>
		<height>1080</height>
		<depth>3</depth>
	</size>
	<object>
		<name>smoke</name>
		<pose>Unspecified</pose>
		<truncated>Unspecified</truncated>
		<difficult>Unspecified</difficult>
		<bndbox>
			<xmin>566</xmin>
			<ymin>340</ymin>
			<xmax>1150</xmax>
			<ymax>699</ymax>
		</bndbox>
	</object>
	<object>
		<name>smoke</name>
		<pose>Unspecified</pose>
		<truncated>Unspecified</truncated>
		<difficult>Unspecified</difficult>
		<bndbox>
			<xmin>895</xmin>
			<ymin>0</ymin>
			<xmax>1297</xmax>
			<ymax>499</ymax>
		</bndbox>
	</object>
	<object>
		<name>smoke</name>
		<pose>Unspecified</pose>
		<truncated>Unspecified</truncated>
		<difficult>Unspecified</difficult>
		<bndbox>
			<xmin>196</xmin>
			<ymin>731</ymin>
			<xmax>341</xmax>
			<ymax>795</ymax>
		</bndbox>
	</object>
	<object>
		<name>fire</name>
		<pose>Unspecified</pose>
		<truncated>Unspecified</truncated>
		<difficult>Unspecified</difficult>
		<bndbox>
			<xmin>403</xmin>
			<ymin>625</ymin>
			<xmax>1193</xmax>
			<ymax>1069</ymax>
		</bndbox>
	</object>
</annotation>