<annotation>
	<folder>my-project-name</folder>
	<filename>outhome59.jpg</filename>
	<path>/my-project-name/outhome59.jpg</path>
	<source>
		<database>Unspecified</database>
	</source>
	<size>
		<width>1920</width>
		<height>1080</height>
		<depth>3</depth>
	</size>
	<object>
		<name>smoke</name>
		<pose>Unspecified</pose>
		<truncated>Unspecified</truncated>
		<difficult>Unspecified</difficult>
		<bndbox>
			<xmin>1513</xmin>
			<ymin>99</ymin>
			<xmax>1710</xmax>
			<ymax>329</ymax>
		</bndbox>
	</object>
	<object>
		<name>smoke</name>
		<pose>Unspecified</pose>
		<truncated>Unspecified</truncated>
		<difficult>Unspecified</difficult>
		<bndbox>
			<xmin>878</xmin>
			<ymin>28</ymin>
			<xmax>1032</xmax>
			<ymax>195</ymax>
		</bndbox>
	</object>
	<object>
		<name>fire</name>
		<pose>Unspecified</pose>
		<truncated>Unspecified</truncated>
		<difficult>Unspecified</difficult>
		<bndbox>
			<xmin>1235</xmin>
			<ymin>218</ymin>
			<xmax>1554</xmax>
			<ymax>466</ymax>
		</bndbox>
	</object>
</annotation>