<annotation>
	<folder>my-project-name</folder>
	<filename>outt5.jpg</filename>
	<path>/my-project-name/outt5.jpg</path>
	<source>
		<database>Unspecified</database>
	</source>
	<size>
		<width>1280</width>
		<height>720</height>
		<depth>3</depth>
	</size>
	<object>
		<name>fire</name>
		<pose>Unspecified</pose>
		<truncated>Unspecified</truncated>
		<difficult>Unspecified</difficult>
		<bndbox>
			<xmin>667</xmin>
			<ymin>381</ymin>
			<xmax>716</xmax>
			<ymax>438</ymax>
		</bndbox>
	</object>
	<object>
		<name>smoke</name>
		<pose>Unspecified</pose>
		<truncated>Unspecified</truncated>
		<difficult>Unspecified</difficult>
		<bndbox>
			<xmin>287</xmin>
			<ymin>0</ymin>
			<xmax>930</xmax>
			<ymax>305</ymax>
		</bndbox>
	</object>
	<object>
		<name>smoke</name>
		<pose>Unspecified</pose>
		<truncated>Unspecified</truncated>
		<difficult>Unspecified</difficult>
		<bndbox>
			<xmin>1004</xmin>
			<ymin>222</ymin>
			<xmax>1108</xmax>
			<ymax>371</ymax>
		</bndbox>
	</object>
</annotation>