<annotation>
	<folder>my-project-name</folder>
	<filename>outt6.jpg</filename>
	<path>/my-project-name/outt6.jpg</path>
	<source>
		<database>Unspecified</database>
	</source>
	<size>
		<width>1280</width>
		<height>720</height>
		<depth>3</depth>
	</size>
	<object>
		<name>smoke</name>
		<pose>Unspecified</pose>
		<truncated>Unspecified</truncated>
		<difficult>Unspecified</difficult>
		<bndbox>
			<xmin>327</xmin>
			<ymin>0</ymin>
			<xmax>812</xmax>
			<ymax>527</ymax>
		</bndbox>
	</object>
</annotation>