<annotation>
	<folder>my-project-name</folder>
	<filename>hoMefiRE99.jpg</filename>
	<path>/my-project-name/hoMefiRE99.jpg</path>
	<source>
		<database>Unspecified</database>
	</source>
	<size>
		<width>1920</width>
		<height>1080</height>
		<depth>3</depth>
	</size>
	<object>
		<name>fire</name>
		<pose>Unspecified</pose>
		<truncated>Unspecified</truncated>
		<difficult>Unspecified</difficult>
		<bndbox>
			<xmin>1140</xmin>
			<ymin>0</ymin>
			<xmax>1448</xmax>
			<ymax>211</ymax>
		</bndbox>
	</object>
	<object>
		<name>fire</name>
		<pose>Unspecified</pose>
		<truncated>Unspecified</truncated>
		<difficult>Unspecified</difficult>
		<bndbox>
			<xmin>980</xmin>
			<ymin>492</ymin>
			<xmax>1016</xmax>
			<ymax>531</ymax>
		</bndbox>
	</object>
	<object>
		<name>fire</name>
		<pose>Unspecified</pose>
		<truncated>Unspecified</truncated>
		<difficult>Unspecified</difficult>
		<bndbox>
			<xmin>1602</xmin>
			<ymin>257</ymin>
			<xmax>1637</xmax>
			<ymax>303</ymax>
		</bndbox>
	</object>
	<object>
		<name>smoke</name>
		<pose>Unspecified</pose>
		<truncated>Unspecified</truncated>
		<difficult>Unspecified</difficult>
		<bndbox>
			<xmin>777</xmin>
			<ymin>0</ymin>
			<xmax>1138</xmax>
			<ymax>262</ymax>
		</bndbox>
	</object>
</annotation>