<annotation>
	<folder>my-project-name</folder>
	<filename>hoMefiRE343.jpg</filename>
	<path>/my-project-name/hoMefiRE343.jpg</path>
	<source>
		<database>Unspecified</database>
	</source>
	<size>
		<width>1920</width>
		<height>1080</height>
		<depth>3</depth>
	</size>
	<object>
		<name>fire</name>
		<pose>Unspecified</pose>
		<truncated>Unspecified</truncated>
		<difficult>Unspecified</difficult>
		<bndbox>
			<xmin>1079</xmin>
			<ymin>710</ymin>
			<xmax>1150</xmax>
			<ymax>812</ymax>
		</bndbox>
	</object>
</annotation>