<annotation>
	<folder>my-project-name</folder>
	<filename>hoMefiRE95.jpg</filename>
	<path>/my-project-name/hoMefiRE95.jpg</path>
	<source>
		<database>Unspecified</database>
	</source>
	<size>
		<width>1920</width>
		<height>1080</height>
		<depth>3</depth>
	</size>
	<object>
		<name>fire</name>
		<pose>Unspecified</pose>
		<truncated>Unspecified</truncated>
		<difficult>Unspecified</difficult>
		<bndbox>
			<xmin>1088</xmin>
			<ymin>0</ymin>
			<xmax>1368</xmax>
			<ymax>250</ymax>
		</bndbox>
	</object>
	<object>
		<name>smoke</name>
		<pose>Unspecified</pose>
		<truncated>Unspecified</truncated>
		<difficult>Unspecified</difficult>
		<bndbox>
			<xmin>777</xmin>
			<ymin>7</ymin>
			<xmax>1133</xmax>
			<ymax>273</ymax>
		</bndbox>
	</object>
	<object>
		<name>fire</name>
		<pose>Unspecified</pose>
		<truncated>Unspecified</truncated>
		<difficult>Unspecified</difficult>
		<bndbox>
			<xmin>897</xmin>
			<ymin>522</ymin>
			<xmax>954</xmax>
			<ymax>558</ymax>
		</bndbox>
	</object>
	<object>
		<name>fire</name>
		<pose>Unspecified</pose>
		<truncated>Unspecified</truncated>
		<difficult>Unspecified</difficult>
		<bndbox>
			<xmin>1515</xmin>
			<ymin>269</ymin>
			<xmax>1547</xmax>
			<ymax>317</ymax>
		</bndbox>
	</object>
</annotation>