<annotation>
	<folder>my-project-name</folder>
	<filename>hoMefiRE133.jpg</filename>
	<path>/my-project-name/hoMefiRE133.jpg</path>
	<source>
		<database>Unspecified</database>
	</source>
	<size>
		<width>1920</width>
		<height>1080</height>
		<depth>3</depth>
	</size>
	<object>
		<name>fire</name>
		<pose>Unspecified</pose>
		<truncated>Unspecified</truncated>
		<difficult>Unspecified</difficult>
		<bndbox>
			<xmin>929</xmin>
			<ymin>339</ymin>
			<xmax>980</xmax>
			<ymax>379</ymax>
		</bndbox>
	</object>
	<object>
		<name>fire</name>
		<pose>Unspecified</pose>
		<truncated>Unspecified</truncated>
		<difficult>Unspecified</difficult>
		<bndbox>
			<xmin>1818</xmin>
			<ymin>421</ymin>
			<xmax>1889</xmax>
			<ymax>475</ymax>
		</bndbox>
	</object>
	<object>
		<name>fire</name>
		<pose>Unspecified</pose>
		<truncated>Unspecified</truncated>
		<difficult>Unspecified</difficult>
		<bndbox>
			<xmin>1742</xmin>
			<ymin>461</ymin>
			<xmax>1818</xmax>
			<ymax>520</ymax>
		</bndbox>
	</object>
	<object>
		<name>fire</name>
		<pose>Unspecified</pose>
		<truncated>Unspecified</truncated>
		<difficult>Unspecified</difficult>
		<bndbox>
			<xmin>1651</xmin>
			<ymin>461</ymin>
			<xmax>1699</xmax>
			<ymax>506</ymax>
		</bndbox>
	</object>
	<object>
		<name>fire</name>
		<pose>Unspecified</pose>
		<truncated>Unspecified</truncated>
		<difficult>Unspecified</difficult>
		<bndbox>
			<xmin>1484</xmin>
			<ymin>492</ymin>
			<xmax>1521</xmax>
			<ymax>534</ymax>
		</bndbox>
	</object>
	<object>
		<name>fire</name>
		<pose>Unspecified</pose>
		<truncated>Unspecified</truncated>
		<difficult>Unspecified</difficult>
		<bndbox>
			<xmin>878</xmin>
			<ymin>492</ymin>
			<xmax>949</xmax>
			<ymax>526</ymax>
		</bndbox>
	</object>
	<object>
		<name>fire</name>
		<pose>Unspecified</pose>
		<truncated>Unspecified</truncated>
		<difficult>Unspecified</difficult>
		<bndbox>
			<xmin>714</xmin>
			<ymin>418</ymin>
			<xmax>793</xmax>
			<ymax>486</ymax>
		</bndbox>
	</object>
	<object>
		<name>smoke</name>
		<pose>Unspecified</pose>
		<truncated>Unspecified</truncated>
		<difficult>Unspecified</difficult>
		<bndbox>
			<xmin>394</xmin>
			<ymin>0</ymin>
			<xmax>524</xmax>
			<ymax>268</ymax>
		</bndbox>
	</object>
</annotation>