<annotation>
	<folder>my-project-name</folder>
	<filename>hoMefiRE30.jpg</filename>
	<path>/my-project-name/hoMefiRE30.jpg</path>
	<source>
		<database>Unspecified</database>
	</source>
	<size>
		<width>1920</width>
		<height>1080</height>
		<depth>3</depth>
	</size>
	<object>
		<name>fire</name>
		<pose>Unspecified</pose>
		<truncated>Unspecified</truncated>
		<difficult>Unspecified</difficult>
		<bndbox>
			<xmin>1739</xmin>
			<ymin>486</ymin>
			<xmax>1920</xmax>
			<ymax>616</ymax>
		</bndbox>
	</object>
	<object>
		<name>smoke</name>
		<pose>Unspecified</pose>
		<truncated>Unspecified</truncated>
		<difficult>Unspecified</difficult>
		<bndbox>
			<xmin>1535</xmin>
			<ymin>322</ymin>
			<xmax>1920</xmax>
			<ymax>495</ymax>
		</bndbox>
	</object>
	<object>
		<name>smoke</name>
		<pose>Unspecified</pose>
		<truncated>Unspecified</truncated>
		<difficult>Unspecified</difficult>
		<bndbox>
			<xmin>422</xmin>
			<ymin>0</ymin>
			<xmax>1221</xmax>
			<ymax>155</ymax>
		</bndbox>
	</object>
	<object>
		<name>fire</name>
		<pose>Unspecified</pose>
		<truncated>Unspecified</truncated>
		<difficult>Unspecified</difficult>
		<bndbox>
			<xmin>583</xmin>
			<ymin>161</ymin>
			<xmax>867</xmax>
			<ymax>597</ymax>
		</bndbox>
	</object>
	<object>
		<name>fire</name>
		<pose>Unspecified</pose>
		<truncated>Unspecified</truncated>
		<difficult>Unspecified</difficult>
		<bndbox>
			<xmin>1325</xmin>
			<ymin>469</ymin>
			<xmax>1390</xmax>
			<ymax>523</ymax>
		</bndbox>
	</object>
	<object>
		<name>fire</name>
		<pose>Unspecified</pose>
		<truncated>Unspecified</truncated>
		<difficult>Unspecified</difficult>
		<bndbox>
			<xmin>935</xmin>
			<ymin>489</ymin>
			<xmax>1096</xmax>
			<ymax>602</ymax>
		</bndbox>
	</object>
	<object>
		<name>fire</name>
		<pose>Unspecified</pose>
		<truncated>Unspecified</truncated>
		<difficult>Unspecified</difficult>
		<bndbox>
			<xmin>1110</xmin>
			<ymin>294</ymin>
			<xmax>1178</xmax>
			<ymax>384</ymax>
		</bndbox>
	</object>
	<object>
		<name>fire</name>
		<pose>Unspecified</pose>
		<truncated>Unspecified</truncated>
		<difficult>Unspecified</difficult>
		<bndbox>
			<xmin>1617</xmin>
			<ymin>557</ymin>
			<xmax>1736</xmax>
			<ymax>608</ymax>
		</bndbox>
	</object>
</annotation>