<annotation>
	<folder>my-project-name</folder>
	<filename>hoMefiRE153.jpg</filename>
	<path>/my-project-name/hoMefiRE153.jpg</path>
	<source>
		<database>Unspecified</database>
	</source>
	<size>
		<width>1920</width>
		<height>1080</height>
		<depth>3</depth>
	</size>
	<object>
		<name>fire</name>
		<pose>Unspecified</pose>
		<truncated>Unspecified</truncated>
		<difficult>Unspecified</difficult>
		<bndbox>
			<xmin>905</xmin>
			<ymin>498</ymin>
			<xmax>941</xmax>
			<ymax>535</ymax>
		</bndbox>
	</object>
	<object>
		<name>fire</name>
		<pose>Unspecified</pose>
		<truncated>Unspecified</truncated>
		<difficult>Unspecified</difficult>
		<bndbox>
			<xmin>707</xmin>
			<ymin>397</ymin>
			<xmax>822</xmax>
			<ymax>482</ymax>
		</bndbox>
	</object>
	<object>
		<name>fire</name>
		<pose>Unspecified</pose>
		<truncated>Unspecified</truncated>
		<difficult>Unspecified</difficult>
		<bndbox>
			<xmin>1009</xmin>
			<ymin>440</ymin>
			<xmax>1042</xmax>
			<ymax>488</ymax>
		</bndbox>
	</object>
	<object>
		<name>fire</name>
		<pose>Unspecified</pose>
		<truncated>Unspecified</truncated>
		<difficult>Unspecified</difficult>
		<bndbox>
			<xmin>913</xmin>
			<ymin>247</ymin>
			<xmax>960</xmax>
			<ymax>358</ymax>
		</bndbox>
	</object>
	<object>
		<name>fire</name>
		<pose>Unspecified</pose>
		<truncated>Unspecified</truncated>
		<difficult>Unspecified</difficult>
		<bndbox>
			<xmin>967</xmin>
			<ymin>503</ymin>
			<xmax>1070</xmax>
			<ymax>557</ymax>
		</bndbox>
	</object>
	<object>
		<name>fire</name>
		<pose>Unspecified</pose>
		<truncated>Unspecified</truncated>
		<difficult>Unspecified</difficult>
		<bndbox>
			<xmin>1445</xmin>
			<ymin>528</ymin>
			<xmax>1490</xmax>
			<ymax>567</ymax>
		</bndbox>
	</object>
	<object>
		<name>fire</name>
		<pose>Unspecified</pose>
		<truncated>Unspecified</truncated>
		<difficult>Unspecified</difficult>
		<bndbox>
			<xmin>1586</xmin>
			<ymin>503</ymin>
			<xmax>1631</xmax>
			<ymax>547</ymax>
		</bndbox>
	</object>
	<object>
		<name>fire</name>
		<pose>Unspecified</pose>
		<truncated>Unspecified</truncated>
		<difficult>Unspecified</difficult>
		<bndbox>
			<xmin>1673</xmin>
			<ymin>507</ymin>
			<xmax>1722</xmax>
			<ymax>544</ymax>
		</bndbox>
	</object>
	<object>
		<name>fire</name>
		<pose>Unspecified</pose>
		<truncated>Unspecified</truncated>
		<difficult>Unspecified</difficult>
		<bndbox>
			<xmin>1754</xmin>
			<ymin>496</ymin>
			<xmax>1797</xmax>
			<ymax>525</ymax>
		</bndbox>
	</object>
</annotation>