<annotation>
	<folder>my-project-name</folder>
	<filename>hoMefiRE341.jpg</filename>
	<path>/my-project-name/hoMefiRE341.jpg</path>
	<source>
		<database>Unspecified</database>
	</source>
	<size>
		<width>1920</width>
		<height>1080</height>
		<depth>3</depth>
	</size>
	<object>
		<name>fire</name>
		<pose>Unspecified</pose>
		<truncated>Unspecified</truncated>
		<difficult>Unspecified</difficult>
		<bndbox>
			<xmin>541</xmin>
			<ymin>526</ymin>
			<xmax>634</xmax>
			<ymax>588</ymax>
		</bndbox>
	</object>
</annotation>