<annotation>
	<folder>my-project-name</folder>
	<filename>hoMefiRE272.jpg</filename>
	<path>/my-project-name/hoMefiRE272.jpg</path>
	<source>
		<database>Unspecified</database>
	</source>
	<size>
		<width>1920</width>
		<height>1080</height>
		<depth>3</depth>
	</size>
	<object>
		<name>fire</name>
		<pose>Unspecified</pose>
		<truncated>Unspecified</truncated>
		<difficult>Unspecified</difficult>
		<bndbox>
			<xmin>1602</xmin>
			<ymin>473</ymin>
			<xmax>1651</xmax>
			<ymax>517</ymax>
		</bndbox>
	</object>
</annotation>