<annotation>
	<folder>my-project-name</folder>
	<filename>hoMefiRE36.jpg</filename>
	<path>/my-project-name/hoMefiRE36.jpg</path>
	<source>
		<database>Unspecified</database>
	</source>
	<size>
		<width>1920</width>
		<height>1080</height>
		<depth>3</depth>
	</size>
	<object>
		<name>fire</name>
		<pose>Unspecified</pose>
		<truncated>Unspecified</truncated>
		<difficult>Unspecified</difficult>
		<bndbox>
			<xmin>1659</xmin>
			<ymin>699</ymin>
			<xmax>1866</xmax>
			<ymax>818</ymax>
		</bndbox>
	</object>
	<object>
		<name>fire</name>
		<pose>Unspecified</pose>
		<truncated>Unspecified</truncated>
		<difficult>Unspecified</difficult>
		<bndbox>
			<xmin>498</xmin>
			<ymin>441</ymin>
			<xmax>671</xmax>
			<ymax>812</ymax>
		</bndbox>
	</object>
	<object>
		<name>fire</name>
		<pose>Unspecified</pose>
		<truncated>Unspecified</truncated>
		<difficult>Unspecified</difficult>
		<bndbox>
			<xmin>748</xmin>
			<ymin>537</ymin>
			<xmax>838</xmax>
			<ymax>707</ymax>
		</bndbox>
	</object>
	<object>
		<name>fire</name>
		<pose>Unspecified</pose>
		<truncated>Unspecified</truncated>
		<difficult>Unspecified</difficult>
		<bndbox>
			<xmin>1082</xmin>
			<ymin>551</ymin>
			<xmax>1288</xmax>
			<ymax>667</ymax>
		</bndbox>
	</object>
	<object>
		<name>fire</name>
		<pose>Unspecified</pose>
		<truncated>Unspecified</truncated>
		<difficult>Unspecified</difficult>
		<bndbox>
			<xmin>1090</xmin>
			<ymin>149</ymin>
			<xmax>1351</xmax>
			<ymax>356</ymax>
		</bndbox>
	</object>
	<object>
		<name>fire</name>
		<pose>Unspecified</pose>
		<truncated>Unspecified</truncated>
		<difficult>Unspecified</difficult>
		<bndbox>
			<xmin>847</xmin>
			<ymin>231</ymin>
			<xmax>1022</xmax>
			<ymax>362</ymax>
		</bndbox>
	</object>
	<object>
		<name>smoke</name>
		<pose>Unspecified</pose>
		<truncated>Unspecified</truncated>
		<difficult>Unspecified</difficult>
		<bndbox>
			<xmin>884</xmin>
			<ymin>0</ymin>
			<xmax>1608</xmax>
			<ymax>118</ymax>
		</bndbox>
	</object>
	<object>
		<name>smoke</name>
		<pose>Unspecified</pose>
		<truncated>Unspecified</truncated>
		<difficult>Unspecified</difficult>
		<bndbox>
			<xmin>1368</xmin>
			<ymin>404</ymin>
			<xmax>1866</xmax>
			<ymax>571</ymax>
		</bndbox>
	</object>
	<object>
		<name>fire</name>
		<pose>Unspecified</pose>
		<truncated>Unspecified</truncated>
		<difficult>Unspecified</difficult>
		<bndbox>
			<xmin>1501</xmin>
			<ymin>602</ymin>
			<xmax>1572</xmax>
			<ymax>653</ymax>
		</bndbox>
	</object>
	<object>
		<name>fire</name>
		<pose>Unspecified</pose>
		<truncated>Unspecified</truncated>
		<difficult>Unspecified</difficult>
		<bndbox>
			<xmin>1676</xmin>
			<ymin>574</ymin>
			<xmax>1730</xmax>
			<ymax>645</ymax>
		</bndbox>
	</object>
	<object>
		<name>fire</name>
		<pose>Unspecified</pose>
		<truncated>Unspecified</truncated>
		<difficult>Unspecified</difficult>
		<bndbox>
			<xmin>1325</xmin>
			<ymin>662</ymin>
			<xmax>1436</xmax>
			<ymax>772</ymax>
		</bndbox>
	</object>
	<object>
		<name>fire</name>
		<pose>Unspecified</pose>
		<truncated>Unspecified</truncated>
		<difficult>Unspecified</difficult>
		<bndbox>
			<xmin>918</xmin>
			<ymin>653</ymin>
			<xmax>1002</xmax>
			<ymax>707</ymax>
		</bndbox>
	</object>
</annotation>