<annotation>
	<folder>my-project-name</folder>
	<filename>hoMefiRE86.jpg</filename>
	<path>/my-project-name/hoMefiRE86.jpg</path>
	<source>
		<database>Unspecified</database>
	</source>
	<size>
		<width>1920</width>
		<height>1080</height>
		<depth>3</depth>
	</size>
	<object>
		<name>fire</name>
		<pose>Unspecified</pose>
		<truncated>Unspecified</truncated>
		<difficult>Unspecified</difficult>
		<bndbox>
			<xmin>1726</xmin>
			<ymin>0</ymin>
			<xmax>1920</xmax>
			<ymax>97</ymax>
		</bndbox>
	</object>
	<object>
		<name>fire</name>
		<pose>Unspecified</pose>
		<truncated>Unspecified</truncated>
		<difficult>Unspecified</difficult>
		<bndbox>
			<xmin>1370</xmin>
			<ymin>271</ymin>
			<xmax>1451</xmax>
			<ymax>301</ymax>
		</bndbox>
	</object>
</annotation>