<annotation>
	<folder>my-project-name</folder>
	<filename>hoMefiRE362.jpg</filename>
	<path>/my-project-name/hoMefiRE362.jpg</path>
	<source>
		<database>Unspecified</database>
	</source>
	<size>
		<width>1920</width>
		<height>1080</height>
		<depth>3</depth>
	</size>
	<object>
		<name>fire</name>
		<pose>Unspecified</pose>
		<truncated>Unspecified</truncated>
		<difficult>Unspecified</difficult>
		<bndbox>
			<xmin>1733</xmin>
			<ymin>478</ymin>
			<xmax>1810</xmax>
			<ymax>520</ymax>
		</bndbox>
	</object>
	<object>
		<name>fire</name>
		<pose>Unspecified</pose>
		<truncated>Unspecified</truncated>
		<difficult>Unspecified</difficult>
		<bndbox>
			<xmin>541</xmin>
			<ymin>390</ymin>
			<xmax>623</xmax>
			<ymax>432</ymax>
		</bndbox>
	</object>
</annotation>