<annotation>
	<folder>my-project-name</folder>
	<filename>hoMefiRE105.jpg</filename>
	<path>/my-project-name/hoMefiRE105.jpg</path>
	<source>
		<database>Unspecified</database>
	</source>
	<size>
		<width>1920</width>
		<height>1080</height>
		<depth>3</depth>
	</size>
	<object>
		<name>fire</name>
		<pose>Unspecified</pose>
		<truncated>Unspecified</truncated>
		<difficult>Unspecified</difficult>
		<bndbox>
			<xmin>1390</xmin>
			<ymin>95</ymin>
			<xmax>1552</xmax>
			<ymax>178</ymax>
		</bndbox>
	</object>
	<object>
		<name>fire</name>
		<pose>Unspecified</pose>
		<truncated>Unspecified</truncated>
		<difficult>Unspecified</difficult>
		<bndbox>
			<xmin>1337</xmin>
			<ymin>0</ymin>
			<xmax>1405</xmax>
			<ymax>53</ymax>
		</bndbox>
	</object>
	<object>
		<name>fire</name>
		<pose>Unspecified</pose>
		<truncated>Unspecified</truncated>
		<difficult>Unspecified</difficult>
		<bndbox>
			<xmin>1087</xmin>
			<ymin>166</ymin>
			<xmax>1317</xmax>
			<ymax>401</ymax>
		</bndbox>
	</object>
	<object>
		<name>smoke</name>
		<pose>Unspecified</pose>
		<truncated>Unspecified</truncated>
		<difficult>Unspecified</difficult>
		<bndbox>
			<xmin>1317</xmin>
			<ymin>10</ymin>
			<xmax>1549</xmax>
			<ymax>127</ymax>
		</bndbox>
	</object>
</annotation>