<annotation>
	<folder>my-project-name</folder>
	<filename>hoMefiRE53.jpg</filename>
	<path>/my-project-name/hoMefiRE53.jpg</path>
	<source>
		<database>Unspecified</database>
	</source>
	<size>
		<width>1920</width>
		<height>1080</height>
		<depth>3</depth>
	</size>
	<object>
		<name>fire</name>
		<pose>Unspecified</pose>
		<truncated>Unspecified</truncated>
		<difficult>Unspecified</difficult>
		<bndbox>
			<xmin>1855</xmin>
			<ymin>597</ymin>
			<xmax>1920</xmax>
			<ymax>659</ymax>
		</bndbox>
	</object>
	<object>
		<name>fire</name>
		<pose>Unspecified</pose>
		<truncated>Unspecified</truncated>
		<difficult>Unspecified</difficult>
		<bndbox>
			<xmin>1288</xmin>
			<ymin>478</ymin>
			<xmax>1515</xmax>
			<ymax>574</ymax>
		</bndbox>
	</object>
	<object>
		<name>fire</name>
		<pose>Unspecified</pose>
		<truncated>Unspecified</truncated>
		<difficult>Unspecified</difficult>
		<bndbox>
			<xmin>1073</xmin>
			<ymin>577</ymin>
			<xmax>1167</xmax>
			<ymax>679</ymax>
		</bndbox>
	</object>
	<object>
		<name>fire</name>
		<pose>Unspecified</pose>
		<truncated>Unspecified</truncated>
		<difficult>Unspecified</difficult>
		<bndbox>
			<xmin>731</xmin>
			<ymin>548</ymin>
			<xmax>884</xmax>
			<ymax>628</ymax>
		</bndbox>
	</object>
	<object>
		<name>fire</name>
		<pose>Unspecified</pose>
		<truncated>Unspecified</truncated>
		<difficult>Unspecified</difficult>
		<bndbox>
			<xmin>937</xmin>
			<ymin>396</ymin>
			<xmax>1121</xmax>
			<ymax>534</ymax>
		</bndbox>
	</object>
	<object>
		<name>fire</name>
		<pose>Unspecified</pose>
		<truncated>Unspecified</truncated>
		<difficult>Unspecified</difficult>
		<bndbox>
			<xmin>960</xmin>
			<ymin>186</ymin>
			<xmax>1110</xmax>
			<ymax>271</ymax>
		</bndbox>
	</object>
	<object>
		<name>fire</name>
		<pose>Unspecified</pose>
		<truncated>Unspecified</truncated>
		<difficult>Unspecified</difficult>
		<bndbox>
			<xmin>1252</xmin>
			<ymin>279</ymin>
			<xmax>1388</xmax>
			<ymax>370</ymax>
		</bndbox>
	</object>
	<object>
		<name>smoke</name>
		<pose>Unspecified</pose>
		<truncated>Unspecified</truncated>
		<difficult>Unspecified</difficult>
		<bndbox>
			<xmin>76</xmin>
			<ymin>0</ymin>
			<xmax>719</xmax>
			<ymax>47</ymax>
		</bndbox>
	</object>
	<object>
		<name>smoke</name>
		<pose>Unspecified</pose>
		<truncated>Unspecified</truncated>
		<difficult>Unspecified</difficult>
		<bndbox>
			<xmin>1750</xmin>
			<ymin>398</ymin>
			<xmax>1909</xmax>
			<ymax>546</ymax>
		</bndbox>
	</object>
	<object>
		<name>fire</name>
		<pose>Unspecified</pose>
		<truncated>Unspecified</truncated>
		<difficult>Unspecified</difficult>
		<bndbox>
			<xmin>1240</xmin>
			<ymin>585</ymin>
			<xmax>1311</xmax>
			<ymax>636</ymax>
		</bndbox>
	</object>
</annotation>