<annotation>
	<folder>my-project-name</folder>
	<filename>hoMefiRE167.jpg</filename>
	<path>/my-project-name/hoMefiRE167.jpg</path>
	<source>
		<database>Unspecified</database>
	</source>
	<size>
		<width>1920</width>
		<height>1080</height>
		<depth>3</depth>
	</size>
	<object>
		<name>fire</name>
		<pose>Unspecified</pose>
		<truncated>Unspecified</truncated>
		<difficult>Unspecified</difficult>
		<bndbox>
			<xmin>1218</xmin>
			<ymin>432</ymin>
			<xmax>1357</xmax>
			<ymax>628</ymax>
		</bndbox>
	</object>
	<object>
		<name>fire</name>
		<pose>Unspecified</pose>
		<truncated>Unspecified</truncated>
		<difficult>Unspecified</difficult>
		<bndbox>
			<xmin>817</xmin>
			<ymin>266</ymin>
			<xmax>1139</xmax>
			<ymax>622</ymax>
		</bndbox>
	</object>
	<object>
		<name>fire</name>
		<pose>Unspecified</pose>
		<truncated>Unspecified</truncated>
		<difficult>Unspecified</difficult>
		<bndbox>
			<xmin>212</xmin>
			<ymin>161</ymin>
			<xmax>326</xmax>
			<ymax>333</ymax>
		</bndbox>
	</object>
	<object>
		<name>fire</name>
		<pose>Unspecified</pose>
		<truncated>Unspecified</truncated>
		<difficult>Unspecified</difficult>
		<bndbox>
			<xmin>396</xmin>
			<ymin>531</ymin>
			<xmax>488</xmax>
			<ymax>596</ymax>
		</bndbox>
	</object>
	<object>
		<name>fire</name>
		<pose>Unspecified</pose>
		<truncated>Unspecified</truncated>
		<difficult>Unspecified</difficult>
		<bndbox>
			<xmin>1817</xmin>
			<ymin>566</ymin>
			<xmax>1904</xmax>
			<ymax>606</ymax>
		</bndbox>
	</object>
	<object>
		<name>fire</name>
		<pose>Unspecified</pose>
		<truncated>Unspecified</truncated>
		<difficult>Unspecified</difficult>
		<bndbox>
			<xmin>1725</xmin>
			<ymin>593</ymin>
			<xmax>1758</xmax>
			<ymax>623</ymax>
		</bndbox>
	</object>
</annotation>