<annotation>
	<folder>my-project-name</folder>
	<filename>hoMefiRE279.jpg</filename>
	<path>/my-project-name/hoMefiRE279.jpg</path>
	<source>
		<database>Unspecified</database>
	</source>
	<size>
		<width>1920</width>
		<height>1080</height>
		<depth>3</depth>
	</size>
	<object>
		<name>fire</name>
		<pose>Unspecified</pose>
		<truncated>Unspecified</truncated>
		<difficult>Unspecified</difficult>
		<bndbox>
			<xmin>473</xmin>
			<ymin>534</ymin>
			<xmax>643</xmax>
			<ymax>707</ymax>
		</bndbox>
	</object>
	<object>
		<name>fire</name>
		<pose>Unspecified</pose>
		<truncated>Unspecified</truncated>
		<difficult>Unspecified</difficult>
		<bndbox>
			<xmin>640</xmin>
			<ymin>506</ymin>
			<xmax>895</xmax>
			<ymax>673</ymax>
		</bndbox>
	</object>
	<object>
		<name>fire</name>
		<pose>Unspecified</pose>
		<truncated>Unspecified</truncated>
		<difficult>Unspecified</difficult>
		<bndbox>
			<xmin>1104</xmin>
			<ymin>506</ymin>
			<xmax>1158</xmax>
			<ymax>551</ymax>
		</bndbox>
	</object>
	<object>
		<name>fire</name>
		<pose>Unspecified</pose>
		<truncated>Unspecified</truncated>
		<difficult>Unspecified</difficult>
		<bndbox>
			<xmin>906</xmin>
			<ymin>316</ymin>
			<xmax>949</xmax>
			<ymax>364</ymax>
		</bndbox>
	</object>
</annotation>