<annotation>
	<folder>my-project-name</folder>
	<filename>hoMefiRE287.jpg</filename>
	<path>/my-project-name/hoMefiRE287.jpg</path>
	<source>
		<database>Unspecified</database>
	</source>
	<size>
		<width>1920</width>
		<height>1080</height>
		<depth>3</depth>
	</size>
	<object>
		<name>fire</name>
		<pose>Unspecified</pose>
		<truncated>Unspecified</truncated>
		<difficult>Unspecified</difficult>
		<bndbox>
			<xmin>1436</xmin>
			<ymin>376</ymin>
			<xmax>1524</xmax>
			<ymax>461</ymax>
		</bndbox>
	</object>
	<object>
		<name>fire</name>
		<pose>Unspecified</pose>
		<truncated>Unspecified</truncated>
		<difficult>Unspecified</difficult>
		<bndbox>
			<xmin>1770</xmin>
			<ymin>458</ymin>
			<xmax>1812</xmax>
			<ymax>509</ymax>
		</bndbox>
	</object>
</annotation>