<annotation>
	<folder>my-project-name</folder>
	<filename>hoMefiRE274.jpg</filename>
	<path>/my-project-name/hoMefiRE274.jpg</path>
	<source>
		<database>Unspecified</database>
	</source>
	<size>
		<width>1920</width>
		<height>1080</height>
		<depth>3</depth>
	</size>
	<object>
		<name>fire</name>
		<pose>Unspecified</pose>
		<truncated>Unspecified</truncated>
		<difficult>Unspecified</difficult>
		<bndbox>
			<xmin>474</xmin>
			<ymin>663</ymin>
			<xmax>545</xmax>
			<ymax>729</ymax>
		</bndbox>
	</object>
	<object>
		<name>fire</name>
		<pose>Unspecified</pose>
		<truncated>Unspecified</truncated>
		<difficult>Unspecified</difficult>
		<bndbox>
			<xmin>219</xmin>
			<ymin>627</ymin>
			<xmax>327</xmax>
			<ymax>712</ymax>
		</bndbox>
	</object>
</annotation>