<annotation>
	<folder>my-project-name</folder>
	<filename>hoomwe34.jpg</filename>
	<path>/my-project-name/hoomwe34.jpg</path>
	<source>
		<database>Unspecified</database>
	</source>
	<size>
		<width>1920</width>
		<height>1080</height>
		<depth>3</depth>
	</size>
	<object>
		<name>fire</name>
		<pose>Unspecified</pose>
		<truncated>Unspecified</truncated>
		<difficult>Unspecified</difficult>
		<bndbox>
			<xmin>435</xmin>
			<ymin>611</ymin>
			<xmax>600</xmax>
			<ymax>797</ymax>
		</bndbox>
	</object>
	<object>
		<name>fire</name>
		<pose>Unspecified</pose>
		<truncated>Unspecified</truncated>
		<difficult>Unspecified</difficult>
		<bndbox>
			<xmin>1506</xmin>
			<ymin>554</ymin>
			<xmax>1632</xmax>
			<ymax>620</ymax>
		</bndbox>
	</object>
	<object>
		<name>smoke</name>
		<pose>Unspecified</pose>
		<truncated>Unspecified</truncated>
		<difficult>Unspecified</difficult>
		<bndbox>
			<xmin>750</xmin>
			<ymin>0</ymin>
			<xmax>1761</xmax>
			<ymax>462</ymax>
		</bndbox>
	</object>
	<object>
		<name>smoke</name>
		<pose>Unspecified</pose>
		<truncated>Unspecified</truncated>
		<difficult>Unspecified</difficult>
		<bndbox>
			<xmin>127</xmin>
			<ymin>99</ymin>
			<xmax>690</xmax>
			<ymax>616</ymax>
		</bndbox>
	</object>
</annotation>