<annotation>
	<folder>my-project-name</folder>
	<filename>hoomwe28.jpg</filename>
	<path>/my-project-name/hoomwe28.jpg</path>
	<source>
		<database>Unspecified</database>
	</source>
	<size>
		<width>1920</width>
		<height>1080</height>
		<depth>3</depth>
	</size>
	<object>
		<name>smoke</name>
		<pose>Unspecified</pose>
		<truncated>Unspecified</truncated>
		<difficult>Unspecified</difficult>
		<bndbox>
			<xmin>0</xmin>
			<ymin>106</ymin>
			<xmax>449</xmax>
			<ymax>554</ymax>
		</bndbox>
	</object>
	<object>
		<name>fire</name>
		<pose>Unspecified</pose>
		<truncated>Unspecified</truncated>
		<difficult>Unspecified</difficult>
		<bndbox>
			<xmin>0</xmin>
			<ymin>793</ymin>
			<xmax>95</xmax>
			<ymax>967</ymax>
		</bndbox>
	</object>
	<object>
		<name>smoke</name>
		<pose>Unspecified</pose>
		<truncated>Unspecified</truncated>
		<difficult>Unspecified</difficult>
		<bndbox>
			<xmin>467</xmin>
			<ymin>147</ymin>
			<xmax>681</xmax>
			<ymax>232</ymax>
		</bndbox>
	</object>
	<object>
		<name>smoke</name>
		<pose>Unspecified</pose>
		<truncated>Unspecified</truncated>
		<difficult>Unspecified</difficult>
		<bndbox>
			<xmin>791</xmin>
			<ymin>319</ymin>
			<xmax>1088</xmax>
			<ymax>577</ymax>
		</bndbox>
	</object>
</annotation>