<annotation>
	<folder>my-project-name</folder>
	<filename>hoomwe42.jpg</filename>
	<path>/my-project-name/hoomwe42.jpg</path>
	<source>
		<database>Unspecified</database>
	</source>
	<size>
		<width>1920</width>
		<height>1080</height>
		<depth>3</depth>
	</size>
	<object>
		<name>smoke</name>
		<pose>Unspecified</pose>
		<truncated>Unspecified</truncated>
		<difficult>Unspecified</difficult>
		<bndbox>
			<xmin>0</xmin>
			<ymin>126</ymin>
			<xmax>800</xmax>
			<ymax>581</ymax>
		</bndbox>
	</object>
	<object>
		<name>fire</name>
		<pose>Unspecified</pose>
		<truncated>Unspecified</truncated>
		<difficult>Unspecified</difficult>
		<bndbox>
			<xmin>426</xmin>
			<ymin>724</ymin>
			<xmax>469</xmax>
			<ymax>774</ymax>
		</bndbox>
	</object>
	<object>
		<name>fire</name>
		<pose>Unspecified</pose>
		<truncated>Unspecified</truncated>
		<difficult>Unspecified</difficult>
		<bndbox>
			<xmin>76</xmin>
			<ymin>767</ymin>
			<xmax>161</xmax>
			<ymax>823</ymax>
		</bndbox>
	</object>
</annotation>