<annotation>
	<folder>my-project-name</folder>
	<filename>hoomwe9.jpg</filename>
	<path>/my-project-name/hoomwe9.jpg</path>
	<source>
		<database>Unspecified</database>
	</source>
	<size>
		<width>1920</width>
		<height>1080</height>
		<depth>3</depth>
	</size>
	<object>
		<name>smoke</name>
		<pose>Unspecified</pose>
		<truncated>Unspecified</truncated>
		<difficult>Unspecified</difficult>
		<bndbox>
			<xmin>1</xmin>
			<ymin>154</ymin>
			<xmax>835</xmax>
			<ymax>634</ymax>
		</bndbox>
	</object>
	<object>
		<name>smoke</name>
		<pose>Unspecified</pose>
		<truncated>Unspecified</truncated>
		<difficult>Unspecified</difficult>
		<bndbox>
			<xmin>819</xmin>
			<ymin>23</ymin>
			<xmax>1179</xmax>
			<ymax>255</ymax>
		</bndbox>
	</object>
</annotation>