<annotation>
	<folder>my-project-name</folder>
	<filename>hoomwe43.jpg</filename>
	<path>/my-project-name/hoomwe43.jpg</path>
	<source>
		<database>Unspecified</database>
	</source>
	<size>
		<width>1920</width>
		<height>1080</height>
		<depth>3</depth>
	</size>
	<object>
		<name>fire</name>
		<pose>Unspecified</pose>
		<truncated>Unspecified</truncated>
		<difficult>Unspecified</difficult>
		<bndbox>
			<xmin>1294</xmin>
			<ymin>561</ymin>
			<xmax>1375</xmax>
			<ymax>641</ymax>
		</bndbox>
	</object>
	<object>
		<name>smoke</name>
		<pose>Unspecified</pose>
		<truncated>Unspecified</truncated>
		<difficult>Unspecified</difficult>
		<bndbox>
			<xmin>421</xmin>
			<ymin>0</ymin>
			<xmax>1494</xmax>
			<ymax>469</ymax>
		</bndbox>
	</object>
	<object>
		<name>fire</name>
		<pose>Unspecified</pose>
		<truncated>Unspecified</truncated>
		<difficult>Unspecified</difficult>
		<bndbox>
			<xmin>1887</xmin>
			<ymin>186</ymin>
			<xmax>1920</xmax>
			<ymax>227</ymax>
		</bndbox>
	</object>
</annotation>