<annotation>
	<folder>my-project-name</folder>
	<filename>hoomwe14.jpg</filename>
	<path>/my-project-name/hoomwe14.jpg</path>
	<source>
		<database>Unspecified</database>
	</source>
	<size>
		<width>1920</width>
		<height>1080</height>
		<depth>3</depth>
	</size>
	<object>
		<name>fire</name>
		<pose>Unspecified</pose>
		<truncated>Unspecified</truncated>
		<difficult>Unspecified</difficult>
		<bndbox>
			<xmin>444</xmin>
			<ymin>607</ymin>
			<xmax>515</xmax>
			<ymax>699</ymax>
		</bndbox>
	</object>
	<object>
		<name>smoke</name>
		<pose>Unspecified</pose>
		<truncated>Unspecified</truncated>
		<difficult>Unspecified</difficult>
		<bndbox>
			<xmin>0</xmin>
			<ymin>101</ymin>
			<xmax>1145</xmax>
			<ymax>425</ymax>
		</bndbox>
	</object>
</annotation>