<annotation>
	<folder>my-project-name</folder>
	<filename>hoomwe23.jpg</filename>
	<path>/my-project-name/hoomwe23.jpg</path>
	<source>
		<database>Unspecified</database>
	</source>
	<size>
		<width>1920</width>
		<height>1080</height>
		<depth>3</depth>
	</size>
	<object>
		<name>smoke</name>
		<pose>Unspecified</pose>
		<truncated>Unspecified</truncated>
		<difficult>Unspecified</difficult>
		<bndbox>
			<xmin>178</xmin>
			<ymin>115</ymin>
			<xmax>766</xmax>
			<ymax>604</ymax>
		</bndbox>
	</object>
	<object>
		<name>smoke</name>
		<pose>Unspecified</pose>
		<truncated>Unspecified</truncated>
		<difficult>Unspecified</difficult>
		<bndbox>
			<xmin>996</xmin>
			<ymin>165</ymin>
			<xmax>1138</xmax>
			<ymax>244</ymax>
		</bndbox>
	</object>
	<object>
		<name>smoke</name>
		<pose>Unspecified</pose>
		<truncated>Unspecified</truncated>
		<difficult>Unspecified</difficult>
		<bndbox>
			<xmin>814</xmin>
			<ymin>177</ymin>
			<xmax>959</xmax>
			<ymax>285</ymax>
		</bndbox>
	</object>
	<object>
		<name>fire</name>
		<pose>Unspecified</pose>
		<truncated>Unspecified</truncated>
		<difficult>Unspecified</difficult>
		<bndbox>
			<xmin>837</xmin>
			<ymin>669</ymin>
			<xmax>913</xmax>
			<ymax>724</ymax>
		</bndbox>
	</object>
</annotation>