<annotation>
	<folder>my-project-name</folder>
	<filename>hoomwe21.jpg</filename>
	<path>/my-project-name/hoomwe21.jpg</path>
	<source>
		<database>Unspecified</database>
	</source>
	<size>
		<width>1920</width>
		<height>1080</height>
		<depth>3</depth>
	</size>
	<object>
		<name>fire</name>
		<pose>Unspecified</pose>
		<truncated>Unspecified</truncated>
		<difficult>Unspecified</difficult>
		<bndbox>
			<xmin>1170</xmin>
			<ymin>434</ymin>
			<xmax>1327</xmax>
			<ymax>568</ymax>
		</bndbox>
	</object>
	<object>
		<name>fire</name>
		<pose>Unspecified</pose>
		<truncated>Unspecified</truncated>
		<difficult>Unspecified</difficult>
		<bndbox>
			<xmin>1386</xmin>
			<ymin>441</ymin>
			<xmax>1471</xmax>
			<ymax>545</ymax>
		</bndbox>
	</object>
	<object>
		<name>fire</name>
		<pose>Unspecified</pose>
		<truncated>Unspecified</truncated>
		<difficult>Unspecified</difficult>
		<bndbox>
			<xmin>1515</xmin>
			<ymin>441</ymin>
			<xmax>1584</xmax>
			<ymax>492</ymax>
		</bndbox>
	</object>
	<object>
		<name>smoke</name>
		<pose>Unspecified</pose>
		<truncated>Unspecified</truncated>
		<difficult>Unspecified</difficult>
		<bndbox>
			<xmin>102</xmin>
			<ymin>117</ymin>
			<xmax>1216</xmax>
			<ymax>368</ymax>
		</bndbox>
	</object>
</annotation>