<annotation>
	<folder>my-project-name</folder>
	<filename>hoomwe39.jpg</filename>
	<path>/my-project-name/hoomwe39.jpg</path>
	<source>
		<database>Unspecified</database>
	</source>
	<size>
		<width>1920</width>
		<height>1080</height>
		<depth>3</depth>
	</size>
	<object>
		<name>fire</name>
		<pose>Unspecified</pose>
		<truncated>Unspecified</truncated>
		<difficult>Unspecified</difficult>
		<bndbox>
			<xmin>826</xmin>
			<ymin>322</ymin>
			<xmax>929</xmax>
			<ymax>393</ymax>
		</bndbox>
	</object>
	<object>
		<name>fire</name>
		<pose>Unspecified</pose>
		<truncated>Unspecified</truncated>
		<difficult>Unspecified</difficult>
		<bndbox>
			<xmin>635</xmin>
			<ymin>356</ymin>
			<xmax>713</xmax>
			<ymax>416</ymax>
		</bndbox>
	</object>
	<object>
		<name>smoke</name>
		<pose>Unspecified</pose>
		<truncated>Unspecified</truncated>
		<difficult>Unspecified</difficult>
		<bndbox>
			<xmin>729</xmin>
			<ymin>0</ymin>
			<xmax>855</xmax>
			<ymax>221</ymax>
		</bndbox>
	</object>
	<object>
		<name>smoke</name>
		<pose>Unspecified</pose>
		<truncated>Unspecified</truncated>
		<difficult>Unspecified</difficult>
		<bndbox>
			<xmin>0</xmin>
			<ymin>131</ymin>
			<xmax>492</xmax>
			<ymax>329</ymax>
		</bndbox>
	</object>
</annotation>