<annotation>
	<folder>my-project-name</folder>
	<filename>hoomwe33.jpg</filename>
	<path>/my-project-name/hoomwe33.jpg</path>
	<source>
		<database>Unspecified</database>
	</source>
	<size>
		<width>1920</width>
		<height>1080</height>
		<depth>3</depth>
	</size>
	<object>
		<name>smoke</name>
		<pose>Unspecified</pose>
		<truncated>Unspecified</truncated>
		<difficult>Unspecified</difficult>
		<bndbox>
			<xmin>780</xmin>
			<ymin>0</ymin>
			<xmax>1320</xmax>
			<ymax>641</ymax>
		</bndbox>
	</object>
	<object>
		<name>smoke</name>
		<pose>Unspecified</pose>
		<truncated>Unspecified</truncated>
		<difficult>Unspecified</difficult>
		<bndbox>
			<xmin>389</xmin>
			<ymin>122</ymin>
			<xmax>683</xmax>
			<ymax>356</ymax>
		</bndbox>
	</object>
	<object>
		<name>smoke</name>
		<pose>Unspecified</pose>
		<truncated>Unspecified</truncated>
		<difficult>Unspecified</difficult>
		<bndbox>
			<xmin>1315</xmin>
			<ymin>0</ymin>
			<xmax>1717</xmax>
			<ymax>381</ymax>
		</bndbox>
	</object>
	<object>
		<name>fire</name>
		<pose>Unspecified</pose>
		<truncated>Unspecified</truncated>
		<difficult>Unspecified</difficult>
		<bndbox>
			<xmin>1478</xmin>
			<ymin>591</ymin>
			<xmax>1736</xmax>
			<ymax>728</ymax>
		</bndbox>
	</object>
	<object>
		<name>fire</name>
		<pose>Unspecified</pose>
		<truncated>Unspecified</truncated>
		<difficult>Unspecified</difficult>
		<bndbox>
			<xmin>1772</xmin>
			<ymin>625</ymin>
			<xmax>1830</xmax>
			<ymax>662</ymax>
		</bndbox>
	</object>
	<object>
		<name>fire</name>
		<pose>Unspecified</pose>
		<truncated>Unspecified</truncated>
		<difficult>Unspecified</difficult>
		<bndbox>
			<xmin>527</xmin>
			<ymin>588</ymin>
			<xmax>628</xmax>
			<ymax>673</ymax>
		</bndbox>
	</object>
	<object>
		<name>fire</name>
		<pose>Unspecified</pose>
		<truncated>Unspecified</truncated>
		<difficult>Unspecified</difficult>
		<bndbox>
			<xmin>417</xmin>
			<ymin>611</ymin>
			<xmax>538</xmax>
			<ymax>772</ymax>
		</bndbox>
	</object>
</annotation>