<annotation>
	<folder>my-project-name</folder>
	<filename>hoomwe4.jpg</filename>
	<path>/my-project-name/hoomwe4.jpg</path>
	<source>
		<database>Unspecified</database>
	</source>
	<size>
		<width>1920</width>
		<height>1080</height>
		<depth>3</depth>
	</size>
	<object>
		<name>smoke</name>
		<pose>Unspecified</pose>
		<truncated>Unspecified</truncated>
		<difficult>Unspecified</difficult>
		<bndbox>
			<xmin>0</xmin>
			<ymin>117</ymin>
			<xmax>637</xmax>
			<ymax>246</ymax>
		</bndbox>
	</object>
	<object>
		<name>fire</name>
		<pose>Unspecified</pose>
		<truncated>Unspecified</truncated>
		<difficult>Unspecified</difficult>
		<bndbox>
			<xmin>724</xmin>
			<ymin>276</ymin>
			<xmax>855</xmax>
			<ymax>416</ymax>
		</bndbox>
	</object>
	<object>
		<name>fire</name>
		<pose>Unspecified</pose>
		<truncated>Unspecified</truncated>
		<difficult>Unspecified</difficult>
		<bndbox>
			<xmin>456</xmin>
			<ymin>416</ymin>
			<xmax>621</xmax>
			<ymax>535</ymax>
		</bndbox>
	</object>
	<object>
		<name>fire</name>
		<pose>Unspecified</pose>
		<truncated>Unspecified</truncated>
		<difficult>Unspecified</difficult>
		<bndbox>
			<xmin>738</xmin>
			<ymin>124</ymin>
			<xmax>970</xmax>
			<ymax>221</ymax>
		</bndbox>
	</object>
</annotation>