<annotation>
	<folder>my-project-name</folder>
	<filename>hoomwe20.jpg</filename>
	<path>/my-project-name/hoomwe20.jpg</path>
	<source>
		<database>Unspecified</database>
	</source>
	<size>
		<width>1920</width>
		<height>1080</height>
		<depth>3</depth>
	</size>
	<object>
		<name>smoke</name>
		<pose>Unspecified</pose>
		<truncated>Unspecified</truncated>
		<difficult>Unspecified</difficult>
		<bndbox>
			<xmin>0</xmin>
			<ymin>90</ymin>
			<xmax>865</xmax>
			<ymax>473</ymax>
		</bndbox>
	</object>
	<object>
		<name>fire</name>
		<pose>Unspecified</pose>
		<truncated>Unspecified</truncated>
		<difficult>Unspecified</difficult>
		<bndbox>
			<xmin>534</xmin>
			<ymin>565</ymin>
			<xmax>952</xmax>
			<ymax>692</ymax>
		</bndbox>
	</object>
	<object>
		<name>fire</name>
		<pose>Unspecified</pose>
		<truncated>Unspecified</truncated>
		<difficult>Unspecified</difficult>
		<bndbox>
			<xmin>924</xmin>
			<ymin>494</ymin>
			<xmax>950</xmax>
			<ymax>519</ymax>
		</bndbox>
	</object>
</annotation>