<annotation>
	<folder>my-project-name</folder>
	<filename>hoomwe32.jpg</filename>
	<path>/my-project-name/hoomwe32.jpg</path>
	<source>
		<database>Unspecified</database>
	</source>
	<size>
		<width>1920</width>
		<height>1080</height>
		<depth>3</depth>
	</size>
	<object>
		<name>fire</name>
		<pose>Unspecified</pose>
		<truncated>Unspecified</truncated>
		<difficult>Unspecified</difficult>
		<bndbox>
			<xmin>1111</xmin>
			<ymin>572</ymin>
			<xmax>1244</xmax>
			<ymax>655</ymax>
		</bndbox>
	</object>
	<object>
		<name>fire</name>
		<pose>Unspecified</pose>
		<truncated>Unspecified</truncated>
		<difficult>Unspecified</difficult>
		<bndbox>
			<xmin>775</xmin>
			<ymin>558</ymin>
			<xmax>989</xmax>
			<ymax>692</ymax>
		</bndbox>
	</object>
	<object>
		<name>fire</name>
		<pose>Unspecified</pose>
		<truncated>Unspecified</truncated>
		<difficult>Unspecified</difficult>
		<bndbox>
			<xmin>803</xmin>
			<ymin>409</ymin>
			<xmax>885</xmax>
			<ymax>464</ymax>
		</bndbox>
	</object>
	<object>
		<name>smoke</name>
		<pose>Unspecified</pose>
		<truncated>Unspecified</truncated>
		<difficult>Unspecified</difficult>
		<bndbox>
			<xmin>0</xmin>
			<ymin>117</ymin>
			<xmax>1212</xmax>
			<ymax>400</ymax>
		</bndbox>
	</object>
</annotation>