<annotation>
	<folder>my-project-name</folder>
	<filename>hoomwe27.jpg</filename>
	<path>/my-project-name/hoomwe27.jpg</path>
	<source>
		<database>Unspecified</database>
	</source>
	<size>
		<width>1920</width>
		<height>1080</height>
		<depth>3</depth>
	</size>
	<object>
		<name>smoke</name>
		<pose>Unspecified</pose>
		<truncated>Unspecified</truncated>
		<difficult>Unspecified</difficult>
		<bndbox>
			<xmin>0</xmin>
			<ymin>156</ymin>
			<xmax>584</xmax>
			<ymax>512</ymax>
		</bndbox>
	</object>
	<object>
		<name>fire</name>
		<pose>Unspecified</pose>
		<truncated>Unspecified</truncated>
		<difficult>Unspecified</difficult>
		<bndbox>
			<xmin>0</xmin>
			<ymin>639</ymin>
			<xmax>102</xmax>
			<ymax>813</ymax>
		</bndbox>
	</object>
</annotation>