<annotation>
	<folder>my-project-name</folder>
	<filename>hoomwe13.jpg</filename>
	<path>/my-project-name/hoomwe13.jpg</path>
	<source>
		<database>Unspecified</database>
	</source>
	<size>
		<width>1920</width>
		<height>1080</height>
		<depth>3</depth>
	</size>
	<object>
		<name>fire</name>
		<pose>Unspecified</pose>
		<truncated>Unspecified</truncated>
		<difficult>Unspecified</difficult>
		<bndbox>
			<xmin>1124</xmin>
			<ymin>324</ymin>
			<xmax>1354</xmax>
			<ymax>409</ymax>
		</bndbox>
	</object>
	<object>
		<name>smoke</name>
		<pose>Unspecified</pose>
		<truncated>Unspecified</truncated>
		<difficult>Unspecified</difficult>
		<bndbox>
			<xmin>0</xmin>
			<ymin>103</ymin>
			<xmax>1177</xmax>
			<ymax>545</ymax>
		</bndbox>
	</object>
	<object>
		<name>fire</name>
		<pose>Unspecified</pose>
		<truncated>Unspecified</truncated>
		<difficult>Unspecified</difficult>
		<bndbox>
			<xmin>435</xmin>
			<ymin>653</ymin>
			<xmax>591</xmax>
			<ymax>797</ymax>
		</bndbox>
	</object>
</annotation>