<annotation>
	<folder>my-project-name</folder>
	<filename>hoomwe31.jpg</filename>
	<path>/my-project-name/hoomwe31.jpg</path>
	<source>
		<database>Unspecified</database>
	</source>
	<size>
		<width>1920</width>
		<height>1080</height>
		<depth>3</depth>
	</size>
	<object>
		<name>smoke</name>
		<pose>Unspecified</pose>
		<truncated>Unspecified</truncated>
		<difficult>Unspecified</difficult>
		<bndbox>
			<xmin>0</xmin>
			<ymin>124</ymin>
			<xmax>1660</xmax>
			<ymax>570</ymax>
		</bndbox>
	</object>
	<object>
		<name>fire</name>
		<pose>Unspecified</pose>
		<truncated>Unspecified</truncated>
		<difficult>Unspecified</difficult>
		<bndbox>
			<xmin>881</xmin>
			<ymin>676</ymin>
			<xmax>954</xmax>
			<ymax>786</ymax>
		</bndbox>
	</object>
	<object>
		<name>fire</name>
		<pose>Unspecified</pose>
		<truncated>Unspecified</truncated>
		<difficult>Unspecified</difficult>
		<bndbox>
			<xmin>1044</xmin>
			<ymin>705</ymin>
			<xmax>1207</xmax>
			<ymax>772</ymax>
		</bndbox>
	</object>
	<object>
		<name>fire</name>
		<pose>Unspecified</pose>
		<truncated>Unspecified</truncated>
		<difficult>Unspecified</difficult>
		<bndbox>
			<xmin>1352</xmin>
			<ymin>671</ymin>
			<xmax>1497</xmax>
			<ymax>751</ymax>
		</bndbox>
	</object>
</annotation>