<annotation>
	<folder>my-project-name</folder>
	<filename>hoomwe15.jpg</filename>
	<path>/my-project-name/hoomwe15.jpg</path>
	<source>
		<database>Unspecified</database>
	</source>
	<size>
		<width>1920</width>
		<height>1080</height>
		<depth>3</depth>
	</size>
	<object>
		<name>fire</name>
		<pose>Unspecified</pose>
		<truncated>Unspecified</truncated>
		<difficult>Unspecified</difficult>
		<bndbox>
			<xmin>881</xmin>
			<ymin>108</ymin>
			<xmax>1115</xmax>
			<ymax>237</ymax>
		</bndbox>
	</object>
	<object>
		<name>smoke</name>
		<pose>Unspecified</pose>
		<truncated>Unspecified</truncated>
		<difficult>Unspecified</difficult>
		<bndbox>
			<xmin>0</xmin>
			<ymin>99</ymin>
			<xmax>826</xmax>
			<ymax>214</ymax>
		</bndbox>
	</object>
	<object>
		<name>fire</name>
		<pose>Unspecified</pose>
		<truncated>Unspecified</truncated>
		<difficult>Unspecified</difficult>
		<bndbox>
			<xmin>764</xmin>
			<ymin>0</ymin>
			<xmax>906</xmax>
			<ymax>80</ymax>
		</bndbox>
	</object>
	<object>
		<name>fire</name>
		<pose>Unspecified</pose>
		<truncated>Unspecified</truncated>
		<difficult>Unspecified</difficult>
		<bndbox>
			<xmin>290</xmin>
			<ymin>437</ymin>
			<xmax>437</xmax>
			<ymax>565</ymax>
		</bndbox>
	</object>
</annotation>