<annotation>
	<folder>my-project-name</folder>
	<filename>hoomwe35.jpg</filename>
	<path>/my-project-name/hoomwe35.jpg</path>
	<source>
		<database>Unspecified</database>
	</source>
	<size>
		<width>1920</width>
		<height>1080</height>
		<depth>3</depth>
	</size>
	<object>
		<name>smoke</name>
		<pose>Unspecified</pose>
		<truncated>Unspecified</truncated>
		<difficult>Unspecified</difficult>
		<bndbox>
			<xmin>796</xmin>
			<ymin>0</ymin>
			<xmax>1618</xmax>
			<ymax>473</ymax>
		</bndbox>
	</object>
</annotation>