<annotation>
	<folder>my-project-name</folder>
	<filename>hoomwe26.jpg</filename>
	<path>/my-project-name/hoomwe26.jpg</path>
	<source>
		<database>Unspecified</database>
	</source>
	<size>
		<width>1920</width>
		<height>1080</height>
		<depth>3</depth>
	</size>
	<object>
		<name>fire</name>
		<pose>Unspecified</pose>
		<truncated>Unspecified</truncated>
		<difficult>Unspecified</difficult>
		<bndbox>
			<xmin>467</xmin>
			<ymin>124</ymin>
			<xmax>692</xmax>
			<ymax>248</ymax>
		</bndbox>
	</object>
	<object>
		<name>smoke</name>
		<pose>Unspecified</pose>
		<truncated>Unspecified</truncated>
		<difficult>Unspecified</difficult>
		<bndbox>
			<xmin>0</xmin>
			<ymin>101</ymin>
			<xmax>577</xmax>
			<ymax>510</ymax>
		</bndbox>
	</object>
	<object>
		<name>fire</name>
		<pose>Unspecified</pose>
		<truncated>Unspecified</truncated>
		<difficult>Unspecified</difficult>
		<bndbox>
			<xmin>76</xmin>
			<ymin>563</ymin>
			<xmax>244</xmax>
			<ymax>728</ymax>
		</bndbox>
	</object>
	<object>
		<name>fire</name>
		<pose>Unspecified</pose>
		<truncated>Unspecified</truncated>
		<difficult>Unspecified</difficult>
		<bndbox>
			<xmin>299</xmin>
			<ymin>600</ymin>
			<xmax>430</xmax>
			<ymax>705</ymax>
		</bndbox>
	</object>
</annotation>