<annotation>
	<folder>my-project-name</folder>
	<filename>hoomwe29.jpg</filename>
	<path>/my-project-name/hoomwe29.jpg</path>
	<source>
		<database>Unspecified</database>
	</source>
	<size>
		<width>1920</width>
		<height>1080</height>
		<depth>3</depth>
	</size>
	<object>
		<name>smoke</name>
		<pose>Unspecified</pose>
		<truncated>Unspecified</truncated>
		<difficult>Unspecified</difficult>
		<bndbox>
			<xmin>0</xmin>
			<ymin>126</ymin>
			<xmax>892</xmax>
			<ymax>708</ymax>
		</bndbox>
	</object>
	<object>
		<name>fire</name>
		<pose>Unspecified</pose>
		<truncated>Unspecified</truncated>
		<difficult>Unspecified</difficult>
		<bndbox>
			<xmin>927</xmin>
			<ymin>432</ymin>
			<xmax>1115</xmax>
			<ymax>551</ymax>
		</bndbox>
	</object>
	<object>
		<name>fire</name>
		<pose>Unspecified</pose>
		<truncated>Unspecified</truncated>
		<difficult>Unspecified</difficult>
		<bndbox>
			<xmin>800</xmin>
			<ymin>873</ymin>
			<xmax>924</xmax>
			<ymax>990</ymax>
		</bndbox>
	</object>
	<object>
		<name>fire</name>
		<pose>Unspecified</pose>
		<truncated>Unspecified</truncated>
		<difficult>Unspecified</difficult>
		<bndbox>
			<xmin>584</xmin>
			<ymin>912</ymin>
			<xmax>713</xmax>
			<ymax>1013</ymax>
		</bndbox>
	</object>
	<object>
		<name>smoke</name>
		<pose>Unspecified</pose>
		<truncated>Unspecified</truncated>
		<difficult>Unspecified</difficult>
		<bndbox>
			<xmin>320</xmin>
			<ymin>761</ymin>
			<xmax>580</xmax>
			<ymax>949</ymax>
		</bndbox>
	</object>
</annotation>