<annotation>
	<folder>my-project-name</folder>
	<filename>hoomwe18.jpg</filename>
	<path>/my-project-name/hoomwe18.jpg</path>
	<source>
		<database>Unspecified</database>
	</source>
	<size>
		<width>1920</width>
		<height>1080</height>
		<depth>3</depth>
	</size>
	<object>
		<name>smoke</name>
		<pose>Unspecified</pose>
		<truncated>Unspecified</truncated>
		<difficult>Unspecified</difficult>
		<bndbox>
			<xmin>5</xmin>
			<ymin>117</ymin>
			<xmax>1094</xmax>
			<ymax>450</ymax>
		</bndbox>
	</object>
	<object>
		<name>smoke</name>
		<pose>Unspecified</pose>
		<truncated>Unspecified</truncated>
		<difficult>Unspecified</difficult>
		<bndbox>
			<xmin>605</xmin>
			<ymin>476</ymin>
			<xmax>823</xmax>
			<ymax>570</ymax>
		</bndbox>
	</object>
</annotation>