<annotation>
	<folder>my-project-name</folder>
	<filename>hoomwe19.jpg</filename>
	<path>/my-project-name/hoomwe19.jpg</path>
	<source>
		<database>Unspecified</database>
	</source>
	<size>
		<width>1920</width>
		<height>1080</height>
		<depth>3</depth>
	</size>
	<object>
		<name>smoke</name>
		<pose>Unspecified</pose>
		<truncated>Unspecified</truncated>
		<difficult>Unspecified</difficult>
		<bndbox>
			<xmin>0</xmin>
			<ymin>103</ymin>
			<xmax>963</xmax>
			<ymax>519</ymax>
		</bndbox>
	</object>
	<object>
		<name>fire</name>
		<pose>Unspecified</pose>
		<truncated>Unspecified</truncated>
		<difficult>Unspecified</difficult>
		<bndbox>
			<xmin>679</xmin>
			<ymin>664</ymin>
			<xmax>938</xmax>
			<ymax>800</ymax>
		</bndbox>
	</object>
	<object>
		<name>smoke</name>
		<pose>Unspecified</pose>
		<truncated>Unspecified</truncated>
		<difficult>Unspecified</difficult>
		<bndbox>
			<xmin>1032</xmin>
			<ymin>90</ymin>
			<xmax>1379</xmax>
			<ymax>368</ymax>
		</bndbox>
	</object>
</annotation>