<annotation>
	<folder>my-project-name</folder>
	<filename>hoomwe24.jpg</filename>
	<path>/my-project-name/hoomwe24.jpg</path>
	<source>
		<database>Unspecified</database>
	</source>
	<size>
		<width>1920</width>
		<height>1080</height>
		<depth>3</depth>
	</size>
	<object>
		<name>fire</name>
		<pose>Unspecified</pose>
		<truncated>Unspecified</truncated>
		<difficult>Unspecified</difficult>
		<bndbox>
			<xmin>959</xmin>
			<ymin>671</ymin>
			<xmax>1026</xmax>
			<ymax>744</ymax>
		</bndbox>
	</object>
	<object>
		<name>fire</name>
		<pose>Unspecified</pose>
		<truncated>Unspecified</truncated>
		<difficult>Unspecified</difficult>
		<bndbox>
			<xmin>782</xmin>
			<ymin>626</ymin>
			<xmax>884</xmax>
			<ymax>708</ymax>
		</bndbox>
	</object>
	<object>
		<name>smoke</name>
		<pose>Unspecified</pose>
		<truncated>Unspecified</truncated>
		<difficult>Unspecified</difficult>
		<bndbox>
			<xmin>0</xmin>
			<ymin>115</ymin>
			<xmax>1492</xmax>
			<ymax>489</ymax>
		</bndbox>
	</object>
</annotation>